atmos_restart_batch_640_anz50_i08e_2095-08-01,region_restart_batch_640_anz50_i08e_2095-08-01
atmos_restart_batch_640_anz50_i09b_2096-08-01,region_restart_batch_640_anz50_i09b_2096-08-01
atmos_restart_batch_640_anz50_i0a9_2096-08-01,region_restart_batch_640_anz50_i0a9_2096-08-01
atmos_restart_batch_640_anz50_i00k_2090-08-01,region_restart_batch_640_anz50_i00k_2090-08-01
atmos_restart_batch_640_anz50_i07l_2094-08-01,region_restart_batch_640_anz50_i07l_2094-08-01
atmos_restart_batch_640_anz50_i04d_2092-08-01,region_restart_batch_640_anz50_i04d_2092-08-01
atmos_restart_batch_640_anz50_i0af_2096-08-01,region_restart_batch_640_anz50_i0af_2096-08-01
atmos_restart_batch_640_anz50_i03m_2092-08-01,region_restart_batch_640_anz50_i03m_2092-08-01
atmos_restart_batch_640_anz50_i026_2091-08-01,region_restart_batch_640_anz50_i026_2091-08-01
atmos_restart_batch_640_anz50_i0bn_2097-08-01,region_restart_batch_640_anz50_i0bn_2097-08-01
atmos_restart_batch_640_anz50_i04b_2092-08-01,region_restart_batch_640_anz50_i04b_2092-08-01
atmos_restart_batch_640_anz50_i0dw_2099-08-01,region_restart_batch_640_anz50_i0dw_2099-08-01
atmos_restart_batch_640_anz50_i06c_2094-08-01,region_restart_batch_640_anz50_i06c_2094-08-01
atmos_restart_batch_640_anz50_i07k_2094-08-01,region_restart_batch_640_anz50_i07k_2094-08-01
atmos_restart_batch_640_anz50_i01v_2091-08-01,region_restart_batch_640_anz50_i01v_2091-08-01
atmos_restart_batch_640_anz50_i0f6_2099-08-01,region_restart_batch_640_anz50_i0f6_2099-08-01
atmos_restart_batch_640_anz50_i006_2090-08-01,region_restart_batch_640_anz50_i006_2090-08-01
atmos_restart_batch_640_anz50_i02u_2091-08-01,region_restart_batch_640_anz50_i02u_2091-08-01
atmos_restart_batch_640_anz50_i06t_2094-08-01,region_restart_batch_640_anz50_i06t_2094-08-01
atmos_restart_batch_640_anz50_i0a3_2096-08-01,region_restart_batch_640_anz50_i0a3_2096-08-01
atmos_restart_batch_640_anz50_i02a_2091-08-01,region_restart_batch_640_anz50_i02a_2091-08-01
atmos_restart_batch_640_anz50_i0b3_2097-08-01,region_restart_batch_640_anz50_i0b3_2097-08-01
atmos_restart_batch_640_anz50_i0dr_2099-08-01,region_restart_batch_640_anz50_i0dr_2099-08-01
atmos_restart_batch_640_anz50_i08n_2095-08-01,region_restart_batch_640_anz50_i08n_2095-08-01
atmos_restart_batch_640_anz50_i065_2094-08-01,region_restart_batch_640_anz50_i065_2094-08-01
atmos_restart_batch_640_anz50_i0fo_2100-08-01,region_restart_batch_640_anz50_i0fo_2100-08-01
atmos_restart_batch_640_anz50_i09u_2096-08-01,region_restart_batch_640_anz50_i09u_2096-08-01
atmos_restart_batch_640_anz50_i078_2094-08-01,region_restart_batch_640_anz50_i078_2094-08-01
atmos_restart_batch_640_anz50_i05p_2093-08-01,region_restart_batch_640_anz50_i05p_2093-08-01
atmos_restart_batch_640_anz50_i0ag_2096-08-01,region_restart_batch_640_anz50_i0ag_2096-08-01
atmos_restart_batch_640_anz50_i02m_2091-08-01,region_restart_batch_640_anz50_i02m_2091-08-01
atmos_restart_batch_640_anz50_i09p_2096-08-01,region_restart_batch_640_anz50_i09p_2096-08-01
atmos_restart_batch_640_anz50_i03u_2092-08-01,region_restart_batch_640_anz50_i03u_2092-08-01
atmos_restart_batch_640_anz50_i011_2090-08-01,region_restart_batch_640_anz50_i011_2090-08-01
atmos_restart_batch_640_anz50_i024_2091-08-01,region_restart_batch_640_anz50_i024_2091-08-01
atmos_restart_batch_640_anz50_i06i_2094-08-01,region_restart_batch_640_anz50_i06i_2094-08-01
atmos_restart_batch_640_anz50_i08x_2095-08-01,region_restart_batch_640_anz50_i08x_2095-08-01
atmos_restart_batch_640_anz50_i0ez_2099-08-01,region_restart_batch_640_anz50_i0ez_2099-08-01
atmos_restart_batch_640_anz50_i04t_2093-08-01,region_restart_batch_640_anz50_i04t_2093-08-01
atmos_restart_batch_640_anz50_i0di_2098-08-01,region_restart_batch_640_anz50_i0di_2098-08-01
atmos_restart_batch_640_anz50_i02x_2091-08-01,region_restart_batch_640_anz50_i02x_2091-08-01
atmos_restart_batch_640_anz50_i09e_2096-08-01,region_restart_batch_640_anz50_i09e_2096-08-01
atmos_restart_batch_640_anz50_i0a0_2096-08-01,region_restart_batch_640_anz50_i0a0_2096-08-01
atmos_restart_batch_640_anz50_i06m_2094-08-01,region_restart_batch_640_anz50_i06m_2094-08-01
atmos_restart_batch_640_anz50_i03q_2092-08-01,region_restart_batch_640_anz50_i03q_2092-08-01
atmos_restart_batch_640_anz50_i013_2090-08-01,region_restart_batch_640_anz50_i013_2090-08-01
atmos_restart_batch_640_anz50_i0cl_2098-08-01,region_restart_batch_640_anz50_i0cl_2098-08-01
atmos_restart_batch_640_anz50_i0f9_2099-08-01,region_restart_batch_640_anz50_i0f9_2099-08-01
atmos_restart_batch_640_anz50_i085_2095-08-01,region_restart_batch_640_anz50_i085_2095-08-01
atmos_restart_batch_640_anz50_i03x_2092-08-01,region_restart_batch_640_anz50_i03x_2092-08-01
atmos_restart_batch_640_anz50_i096_2096-08-01,region_restart_batch_640_anz50_i096_2096-08-01
atmos_restart_batch_640_anz50_i0a6_2096-08-01,region_restart_batch_640_anz50_i0a6_2096-08-01
atmos_restart_batch_640_anz50_i0b8_2097-08-01,region_restart_batch_640_anz50_i0b8_2097-08-01
atmos_restart_batch_640_anz50_i08w_2095-08-01,region_restart_batch_640_anz50_i08w_2095-08-01
atmos_restart_batch_640_anz50_i028_2091-08-01,region_restart_batch_640_anz50_i028_2091-08-01
atmos_restart_batch_640_anz50_i03e_2092-08-01,region_restart_batch_640_anz50_i03e_2092-08-01
atmos_restart_batch_640_anz50_i061_2093-08-01,region_restart_batch_640_anz50_i061_2093-08-01
atmos_restart_batch_640_anz50_i00y_2090-08-01,region_restart_batch_640_anz50_i00y_2090-08-01
atmos_restart_batch_640_anz50_i0d6_2098-08-01,region_restart_batch_640_anz50_i0d6_2098-08-01
atmos_restart_batch_640_anz50_i0g9_2100-08-01,region_restart_batch_640_anz50_i0g9_2100-08-01
atmos_restart_batch_640_anz50_i0fx_2100-08-01,region_restart_batch_640_anz50_i0fx_2100-08-01
atmos_restart_batch_640_anz50_i005_2090-08-01,region_restart_batch_640_anz50_i005_2090-08-01
atmos_restart_batch_640_anz50_i0cs_2098-08-01,region_restart_batch_640_anz50_i0cs_2098-08-01
atmos_restart_batch_640_anz50_i04u_2093-08-01,region_restart_batch_640_anz50_i04u_2093-08-01
atmos_restart_batch_640_anz50_i02z_2091-08-01,region_restart_batch_640_anz50_i02z_2091-08-01
atmos_restart_batch_640_anz50_i07z_2095-08-01,region_restart_batch_640_anz50_i07z_2095-08-01
atmos_restart_batch_640_anz50_i088_2095-08-01,region_restart_batch_640_anz50_i088_2095-08-01
atmos_restart_batch_640_anz50_i0ci_2098-08-01,region_restart_batch_640_anz50_i0ci_2098-08-01
atmos_restart_batch_640_anz50_i07b_2094-08-01,region_restart_batch_640_anz50_i07b_2094-08-01
atmos_restart_batch_640_anz50_i02k_2091-08-01,region_restart_batch_640_anz50_i02k_2091-08-01
atmos_restart_batch_640_anz50_i030_2091-08-01,region_restart_batch_640_anz50_i030_2091-08-01
atmos_restart_batch_640_anz50_i01d_2090-08-01,region_restart_batch_640_anz50_i01d_2090-08-01
atmos_restart_batch_640_anz50_i05m_2093-08-01,region_restart_batch_640_anz50_i05m_2093-08-01
atmos_restart_batch_640_anz50_i0as_2097-08-01,region_restart_batch_640_anz50_i0as_2097-08-01
atmos_restart_batch_640_anz50_i0at_2097-08-01,region_restart_batch_640_anz50_i0at_2097-08-01
atmos_restart_batch_640_anz50_i06d_2094-08-01,region_restart_batch_640_anz50_i06d_2094-08-01
atmos_restart_batch_640_anz50_i04g_2092-08-01,region_restart_batch_640_anz50_i04g_2092-08-01
atmos_restart_batch_640_anz50_i079_2094-08-01,region_restart_batch_640_anz50_i079_2094-08-01
atmos_restart_batch_640_anz50_i05y_2093-08-01,region_restart_batch_640_anz50_i05y_2093-08-01
atmos_restart_batch_640_anz50_i02d_2091-08-01,region_restart_batch_640_anz50_i02d_2091-08-01
atmos_restart_batch_640_anz50_i09a_2096-08-01,region_restart_batch_640_anz50_i09a_2096-08-01
atmos_restart_batch_640_anz50_i06k_2094-08-01,region_restart_batch_640_anz50_i06k_2094-08-01
atmos_restart_batch_640_anz50_i06s_2094-08-01,region_restart_batch_640_anz50_i06s_2094-08-01
atmos_restart_batch_640_anz50_i07h_2094-08-01,region_restart_batch_640_anz50_i07h_2094-08-01
atmos_restart_batch_640_anz50_i035_2092-08-01,region_restart_batch_640_anz50_i035_2092-08-01
atmos_restart_batch_640_anz50_i04r_2093-08-01,region_restart_batch_640_anz50_i04r_2093-08-01
atmos_restart_batch_640_anz50_i0bu_2097-08-01,region_restart_batch_640_anz50_i0bu_2097-08-01
atmos_restart_batch_640_anz50_i0es_2099-08-01,region_restart_batch_640_anz50_i0es_2099-08-01
atmos_restart_batch_640_anz50_i05f_2093-08-01,region_restart_batch_640_anz50_i05f_2093-08-01
atmos_restart_batch_640_anz50_i0db_2098-08-01,region_restart_batch_640_anz50_i0db_2098-08-01
atmos_restart_batch_640_anz50_i0gf_2100-08-01,region_restart_batch_640_anz50_i0gf_2100-08-01
atmos_restart_batch_640_anz50_i064_2094-08-01,region_restart_batch_640_anz50_i064_2094-08-01
atmos_restart_batch_640_anz50_i0f1_2099-08-01,region_restart_batch_640_anz50_i0f1_2099-08-01
atmos_restart_batch_640_anz50_i089_2095-08-01,region_restart_batch_640_anz50_i089_2095-08-01
atmos_restart_batch_640_anz50_i00s_2090-08-01,region_restart_batch_640_anz50_i00s_2090-08-01
atmos_restart_batch_640_anz50_i0e4_2099-08-01,region_restart_batch_640_anz50_i0e4_2099-08-01
atmos_restart_batch_640_anz50_i01j_2091-08-01,region_restart_batch_640_anz50_i01j_2091-08-01
atmos_restart_batch_640_anz50_i0ew_2099-08-01,region_restart_batch_640_anz50_i0ew_2099-08-01
atmos_restart_batch_640_anz50_i08c_2095-08-01,region_restart_batch_640_anz50_i08c_2095-08-01
atmos_restart_batch_640_anz50_i0b1_2097-08-01,region_restart_batch_640_anz50_i0b1_2097-08-01
atmos_restart_batch_640_anz50_i0d7_2098-08-01,region_restart_batch_640_anz50_i0d7_2098-08-01
atmos_restart_batch_640_anz50_i09w_2096-08-01,region_restart_batch_640_anz50_i09w_2096-08-01
atmos_restart_batch_640_anz50_i037_2092-08-01,region_restart_batch_640_anz50_i037_2092-08-01
atmos_restart_batch_640_anz50_i052_2093-08-01,region_restart_batch_640_anz50_i052_2093-08-01
atmos_restart_batch_640_anz50_i01z_2091-08-01,region_restart_batch_640_anz50_i01z_2091-08-01
atmos_restart_batch_640_anz50_i0fe_2100-08-01,region_restart_batch_640_anz50_i0fe_2100-08-01
atmos_restart_batch_640_anz50_i057_2093-08-01,region_restart_batch_640_anz50_i057_2093-08-01
atmos_restart_batch_640_anz50_i00q_2090-08-01,region_restart_batch_640_anz50_i00q_2090-08-01
atmos_restart_batch_640_anz50_i07d_2094-08-01,region_restart_batch_640_anz50_i07d_2094-08-01
atmos_restart_batch_640_anz50_i09k_2096-08-01,region_restart_batch_640_anz50_i09k_2096-08-01
atmos_restart_batch_640_anz50_i0co_2098-08-01,region_restart_batch_640_anz50_i0co_2098-08-01
atmos_restart_batch_640_anz50_i0f2_2099-08-01,region_restart_batch_640_anz50_i0f2_2099-08-01
atmos_restart_batch_640_anz50_i02q_2091-08-01,region_restart_batch_640_anz50_i02q_2091-08-01
atmos_restart_batch_640_anz50_i0c5_2097-08-01,region_restart_batch_640_anz50_i0c5_2097-08-01
atmos_restart_batch_640_anz50_i08k_2095-08-01,region_restart_batch_640_anz50_i08k_2095-08-01
atmos_restart_batch_640_anz50_i022_2091-08-01,region_restart_batch_640_anz50_i022_2091-08-01
atmos_restart_batch_640_anz50_i019_2090-08-01,region_restart_batch_640_anz50_i019_2090-08-01
atmos_restart_batch_640_anz50_i09y_2096-08-01,region_restart_batch_640_anz50_i09y_2096-08-01
atmos_restart_batch_640_anz50_i043_2092-08-01,region_restart_batch_640_anz50_i043_2092-08-01
atmos_restart_batch_640_anz50_i0fc_2100-08-01,region_restart_batch_640_anz50_i0fc_2100-08-01
atmos_restart_batch_640_anz50_i07o_2095-08-01,region_restart_batch_640_anz50_i07o_2095-08-01
atmos_restart_batch_640_anz50_i01f_2090-08-01,region_restart_batch_640_anz50_i01f_2090-08-01
atmos_restart_batch_640_anz50_i099_2096-08-01,region_restart_batch_640_anz50_i099_2096-08-01
atmos_restart_batch_640_anz50_i00g_2090-08-01,region_restart_batch_640_anz50_i00g_2090-08-01
atmos_restart_batch_640_anz50_i0fj_2100-08-01,region_restart_batch_640_anz50_i0fj_2100-08-01
atmos_restart_batch_640_anz50_i00i_2090-08-01,region_restart_batch_640_anz50_i00i_2090-08-01
atmos_restart_batch_640_anz50_i034_2092-08-01,region_restart_batch_640_anz50_i034_2092-08-01
atmos_restart_batch_640_anz50_i0bs_2097-08-01,region_restart_batch_640_anz50_i0bs_2097-08-01
atmos_restart_batch_640_anz50_i0ax_2097-08-01,region_restart_batch_640_anz50_i0ax_2097-08-01
atmos_restart_batch_640_anz50_i09j_2096-08-01,region_restart_batch_640_anz50_i09j_2096-08-01
atmos_restart_batch_640_anz50_i07p_2095-08-01,region_restart_batch_640_anz50_i07p_2095-08-01
atmos_restart_batch_640_anz50_i05d_2093-08-01,region_restart_batch_640_anz50_i05d_2093-08-01
atmos_restart_batch_640_anz50_i0b7_2097-08-01,region_restart_batch_640_anz50_i0b7_2097-08-01
atmos_restart_batch_640_anz50_i0bo_2097-08-01,region_restart_batch_640_anz50_i0bo_2097-08-01
atmos_restart_batch_640_anz50_i0a5_2096-08-01,region_restart_batch_640_anz50_i0a5_2096-08-01
atmos_restart_batch_640_anz50_i06e_2094-08-01,region_restart_batch_640_anz50_i06e_2094-08-01
atmos_restart_batch_640_anz50_i0ab_2096-08-01,region_restart_batch_640_anz50_i0ab_2096-08-01
atmos_restart_batch_640_anz50_i03d_2092-08-01,region_restart_batch_640_anz50_i03d_2092-08-01
atmos_restart_batch_640_anz50_i008_2090-08-01,region_restart_batch_640_anz50_i008_2090-08-01
atmos_restart_batch_640_anz50_i054_2093-08-01,region_restart_batch_640_anz50_i054_2093-08-01
atmos_restart_batch_640_anz50_i080_2095-08-01,region_restart_batch_640_anz50_i080_2095-08-01
atmos_restart_batch_640_anz50_i0fz_2100-08-01,region_restart_batch_640_anz50_i0fz_2100-08-01
atmos_restart_batch_640_anz50_i0c8_2098-08-01,region_restart_batch_640_anz50_i0c8_2098-08-01
atmos_restart_batch_640_anz50_i0g5_2100-08-01,region_restart_batch_640_anz50_i0g5_2100-08-01
atmos_restart_batch_640_anz50_i0by_2097-08-01,region_restart_batch_640_anz50_i0by_2097-08-01
atmos_restart_batch_640_anz50_i0bw_2097-08-01,region_restart_batch_640_anz50_i0bw_2097-08-01
atmos_restart_batch_640_anz50_i0bq_2097-08-01,region_restart_batch_640_anz50_i0bq_2097-08-01
atmos_restart_batch_640_anz50_i04h_2092-08-01,region_restart_batch_640_anz50_i04h_2092-08-01
atmos_restart_batch_640_anz50_i0cv_2098-08-01,region_restart_batch_640_anz50_i0cv_2098-08-01
atmos_restart_batch_640_anz50_i0dz_2099-08-01,region_restart_batch_640_anz50_i0dz_2099-08-01
atmos_restart_batch_640_anz50_i0e9_2099-08-01,region_restart_batch_640_anz50_i0e9_2099-08-01
atmos_restart_batch_640_anz50_i0ao_2096-08-01,region_restart_batch_640_anz50_i0ao_2096-08-01
atmos_restart_batch_640_anz50_i067_2094-08-01,region_restart_batch_640_anz50_i067_2094-08-01
atmos_restart_batch_640_anz50_i06x_2094-08-01,region_restart_batch_640_anz50_i06x_2094-08-01
atmos_restart_batch_640_anz50_i03c_2092-08-01,region_restart_batch_640_anz50_i03c_2092-08-01
atmos_restart_batch_640_anz50_i0ch_2098-08-01,region_restart_batch_640_anz50_i0ch_2098-08-01
atmos_restart_batch_640_anz50_i0cz_2098-08-01,region_restart_batch_640_anz50_i0cz_2098-08-01
atmos_restart_batch_640_anz50_i010_2090-08-01,region_restart_batch_640_anz50_i010_2090-08-01
atmos_restart_batch_640_anz50_i0g3_2100-08-01,region_restart_batch_640_anz50_i0g3_2100-08-01
atmos_restart_batch_640_anz50_i07f_2094-08-01,region_restart_batch_640_anz50_i07f_2094-08-01
atmos_restart_batch_640_anz50_i0aj_2096-08-01,region_restart_batch_640_anz50_i0aj_2096-08-01
atmos_restart_batch_640_anz50_i0ek_2099-08-01,region_restart_batch_640_anz50_i0ek_2099-08-01
atmos_restart_batch_640_anz50_i0fm_2100-08-01,region_restart_batch_640_anz50_i0fm_2100-08-01
atmos_restart_batch_640_anz50_i04q_2093-08-01,region_restart_batch_640_anz50_i04q_2093-08-01
atmos_restart_batch_640_anz50_i097_2096-08-01,region_restart_batch_640_anz50_i097_2096-08-01
atmos_restart_batch_640_anz50_i05b_2093-08-01,region_restart_batch_640_anz50_i05b_2093-08-01
atmos_restart_batch_640_anz50_i0b5_2097-08-01,region_restart_batch_640_anz50_i0b5_2097-08-01
atmos_restart_batch_640_anz50_i08b_2095-08-01,region_restart_batch_640_anz50_i08b_2095-08-01
atmos_restart_batch_640_anz50_i0bd_2097-08-01,region_restart_batch_640_anz50_i0bd_2097-08-01
atmos_restart_batch_640_anz50_i009_2090-08-01,region_restart_batch_640_anz50_i009_2090-08-01
atmos_restart_batch_640_anz50_i0gs_2100-08-01,region_restart_batch_640_anz50_i0gs_2100-08-01
atmos_restart_batch_640_anz50_i0eb_2099-08-01,region_restart_batch_640_anz50_i0eb_2099-08-01
atmos_restart_batch_640_anz50_i0ck_2098-08-01,region_restart_batch_640_anz50_i0ck_2098-08-01
atmos_restart_batch_640_anz50_i095_2095-08-01,region_restart_batch_640_anz50_i095_2095-08-01
atmos_restart_batch_640_anz50_i0e2_2099-08-01,region_restart_batch_640_anz50_i0e2_2099-08-01
atmos_restart_batch_640_anz50_i007_2090-08-01,region_restart_batch_640_anz50_i007_2090-08-01
atmos_restart_batch_640_anz50_i0d8_2098-08-01,region_restart_batch_640_anz50_i0d8_2098-08-01
atmos_restart_batch_640_anz50_i02c_2091-08-01,region_restart_batch_640_anz50_i02c_2091-08-01
atmos_restart_batch_640_anz50_i0fh_2100-08-01,region_restart_batch_640_anz50_i0fh_2100-08-01
atmos_restart_batch_640_anz50_i0da_2098-08-01,region_restart_batch_640_anz50_i0da_2098-08-01
atmos_restart_batch_640_anz50_i0b2_2097-08-01,region_restart_batch_640_anz50_i0b2_2097-08-01
atmos_restart_batch_640_anz50_i05g_2093-08-01,region_restart_batch_640_anz50_i05g_2093-08-01
atmos_restart_batch_640_anz50_i040_2092-08-01,region_restart_batch_640_anz50_i040_2092-08-01
atmos_restart_batch_640_anz50_i00b_2090-08-01,region_restart_batch_640_anz50_i00b_2090-08-01
atmos_restart_batch_640_anz50_i055_2093-08-01,region_restart_batch_640_anz50_i055_2093-08-01
atmos_restart_batch_640_anz50_i0ad_2096-08-01,region_restart_batch_640_anz50_i0ad_2096-08-01
atmos_restart_batch_640_anz50_i0gi_2100-08-01,region_restart_batch_640_anz50_i0gi_2100-08-01
atmos_restart_batch_640_anz50_i04n_2093-08-01,region_restart_batch_640_anz50_i04n_2093-08-01
atmos_restart_batch_640_anz50_i033_2092-08-01,region_restart_batch_640_anz50_i033_2092-08-01
atmos_restart_batch_640_anz50_i00c_2090-08-01,region_restart_batch_640_anz50_i00c_2090-08-01
atmos_restart_batch_640_anz50_i0dd_2098-08-01,region_restart_batch_640_anz50_i0dd_2098-08-01
atmos_restart_batch_640_anz50_i09d_2096-08-01,region_restart_batch_640_anz50_i09d_2096-08-01
atmos_restart_batch_640_anz50_i04v_2093-08-01,region_restart_batch_640_anz50_i04v_2093-08-01
atmos_restart_batch_640_anz50_i001_2090-08-01,region_restart_batch_640_anz50_i001_2090-08-01
atmos_restart_batch_640_anz50_i0cy_2098-08-01,region_restart_batch_640_anz50_i0cy_2098-08-01
atmos_restart_batch_640_anz50_i05s_2093-08-01,region_restart_batch_640_anz50_i05s_2093-08-01
atmos_restart_batch_640_anz50_i0bv_2097-08-01,region_restart_batch_640_anz50_i0bv_2097-08-01
atmos_restart_batch_640_anz50_i0bx_2097-08-01,region_restart_batch_640_anz50_i0bx_2097-08-01
atmos_restart_batch_640_anz50_i03r_2092-08-01,region_restart_batch_640_anz50_i03r_2092-08-01
atmos_restart_batch_640_anz50_i05a_2093-08-01,region_restart_batch_640_anz50_i05a_2093-08-01
atmos_restart_batch_640_anz50_i05o_2093-08-01,region_restart_batch_640_anz50_i05o_2093-08-01
atmos_restart_batch_640_anz50_i0go_2100-08-01,region_restart_batch_640_anz50_i0go_2100-08-01
atmos_restart_batch_640_anz50_i0g4_2100-08-01,region_restart_batch_640_anz50_i0g4_2100-08-01
atmos_restart_batch_640_anz50_i06q_2094-08-01,region_restart_batch_640_anz50_i06q_2094-08-01
atmos_restart_batch_640_anz50_i0bl_2097-08-01,region_restart_batch_640_anz50_i0bl_2097-08-01
atmos_restart_batch_640_anz50_i0dh_2098-08-01,region_restart_batch_640_anz50_i0dh_2098-08-01
atmos_restart_batch_640_anz50_i0f8_2099-08-01,region_restart_batch_640_anz50_i0f8_2099-08-01
atmos_restart_batch_640_anz50_i0bh_2097-08-01,region_restart_batch_640_anz50_i0bh_2097-08-01
atmos_restart_batch_640_anz50_i06r_2094-08-01,region_restart_batch_640_anz50_i06r_2094-08-01
atmos_restart_batch_640_anz50_i02b_2091-08-01,region_restart_batch_640_anz50_i02b_2091-08-01
atmos_restart_batch_640_anz50_i0ac_2096-08-01,region_restart_batch_640_anz50_i0ac_2096-08-01
atmos_restart_batch_640_anz50_i062_2093-08-01,region_restart_batch_640_anz50_i062_2093-08-01
atmos_restart_batch_640_anz50_i07y_2095-08-01,region_restart_batch_640_anz50_i07y_2095-08-01
atmos_restart_batch_640_anz50_i0d0_2098-08-01,region_restart_batch_640_anz50_i0d0_2098-08-01
atmos_restart_batch_640_anz50_i021_2091-08-01,region_restart_batch_640_anz50_i021_2091-08-01
atmos_restart_batch_640_anz50_i0e3_2099-08-01,region_restart_batch_640_anz50_i0e3_2099-08-01
atmos_restart_batch_640_anz50_i06g_2094-08-01,region_restart_batch_640_anz50_i06g_2094-08-01
atmos_restart_batch_640_anz50_i08s_2095-08-01,region_restart_batch_640_anz50_i08s_2095-08-01
atmos_restart_batch_640_anz50_i07g_2094-08-01,region_restart_batch_640_anz50_i07g_2094-08-01
atmos_restart_batch_640_anz50_i0ae_2096-08-01,region_restart_batch_640_anz50_i0ae_2096-08-01
atmos_restart_batch_640_anz50_i0ah_2096-08-01,region_restart_batch_640_anz50_i0ah_2096-08-01
atmos_restart_batch_640_anz50_i031_2091-08-01,region_restart_batch_640_anz50_i031_2091-08-01
atmos_restart_batch_640_anz50_i0eq_2099-08-01,region_restart_batch_640_anz50_i0eq_2099-08-01
atmos_restart_batch_640_anz50_i02y_2091-08-01,region_restart_batch_640_anz50_i02y_2091-08-01
atmos_restart_batch_640_anz50_i00e_2090-08-01,region_restart_batch_640_anz50_i00e_2090-08-01
atmos_restart_batch_640_anz50_i0cp_2098-08-01,region_restart_batch_640_anz50_i0cp_2098-08-01
atmos_restart_batch_640_anz50_i0a4_2096-08-01,region_restart_batch_640_anz50_i0a4_2096-08-01
atmos_restart_batch_640_anz50_i00w_2090-08-01,region_restart_batch_640_anz50_i00w_2090-08-01
atmos_restart_batch_640_anz50_i04m_2093-08-01,region_restart_batch_640_anz50_i04m_2093-08-01
atmos_restart_batch_640_anz50_i0g7_2100-08-01,region_restart_batch_640_anz50_i0g7_2100-08-01
atmos_restart_batch_640_anz50_i06a_2094-08-01,region_restart_batch_640_anz50_i06a_2094-08-01
atmos_restart_batch_640_anz50_i02j_2091-08-01,region_restart_batch_640_anz50_i02j_2091-08-01
atmos_restart_batch_640_anz50_i091_2095-08-01,region_restart_batch_640_anz50_i091_2095-08-01
atmos_restart_batch_640_anz50_i0dt_2099-08-01,region_restart_batch_640_anz50_i0dt_2099-08-01
atmos_restart_batch_640_anz50_i0e1_2099-08-01,region_restart_batch_640_anz50_i0e1_2099-08-01
atmos_restart_batch_640_anz50_i07n_2095-08-01,region_restart_batch_640_anz50_i07n_2095-08-01
atmos_restart_batch_640_anz50_i0cc_2098-08-01,region_restart_batch_640_anz50_i0cc_2098-08-01
atmos_restart_batch_640_anz50_i003_2090-08-01,region_restart_batch_640_anz50_i003_2090-08-01
atmos_restart_batch_640_anz50_i01w_2091-08-01,region_restart_batch_640_anz50_i01w_2091-08-01
atmos_restart_batch_640_anz50_i0dj_2098-08-01,region_restart_batch_640_anz50_i0dj_2098-08-01
atmos_restart_batch_640_anz50_i0be_2097-08-01,region_restart_batch_640_anz50_i0be_2097-08-01
atmos_restart_batch_640_anz50_i0bg_2097-08-01,region_restart_batch_640_anz50_i0bg_2097-08-01
atmos_restart_batch_640_anz50_i020_2091-08-01,region_restart_batch_640_anz50_i020_2091-08-01
atmos_restart_batch_640_anz50_i0er_2099-08-01,region_restart_batch_640_anz50_i0er_2099-08-01
atmos_restart_batch_640_anz50_i0az_2097-08-01,region_restart_batch_640_anz50_i0az_2097-08-01
atmos_restart_batch_640_anz50_i08l_2095-08-01,region_restart_batch_640_anz50_i08l_2095-08-01
atmos_restart_batch_640_anz50_i09m_2096-08-01,region_restart_batch_640_anz50_i09m_2096-08-01
atmos_restart_batch_640_anz50_i0gb_2100-08-01,region_restart_batch_640_anz50_i0gb_2100-08-01
atmos_restart_batch_640_anz50_i0g0_2100-08-01,region_restart_batch_640_anz50_i0g0_2100-08-01
atmos_restart_batch_640_anz50_i08o_2095-08-01,region_restart_batch_640_anz50_i08o_2095-08-01
atmos_restart_batch_640_anz50_i002_2090-08-01,region_restart_batch_640_anz50_i002_2090-08-01
atmos_restart_batch_640_anz50_i0cr_2098-08-01,region_restart_batch_640_anz50_i0cr_2098-08-01
atmos_restart_batch_640_anz50_i02p_2091-08-01,region_restart_batch_640_anz50_i02p_2091-08-01
atmos_restart_batch_640_anz50_i01y_2091-08-01,region_restart_batch_640_anz50_i01y_2091-08-01
atmos_restart_batch_640_anz50_i0gj_2100-08-01,region_restart_batch_640_anz50_i0gj_2100-08-01
atmos_restart_batch_640_anz50_i0fa_2100-08-01,region_restart_batch_640_anz50_i0fa_2100-08-01
atmos_restart_batch_640_anz50_i0b6_2097-08-01,region_restart_batch_640_anz50_i0b6_2097-08-01
atmos_restart_batch_640_anz50_i0en_2099-08-01,region_restart_batch_640_anz50_i0en_2099-08-01
atmos_restart_batch_640_anz50_i01g_2090-08-01,region_restart_batch_640_anz50_i01g_2090-08-01
atmos_restart_batch_640_anz50_i0dv_2099-08-01,region_restart_batch_640_anz50_i0dv_2099-08-01
atmos_restart_batch_640_anz50_i01h_2090-08-01,region_restart_batch_640_anz50_i01h_2090-08-01
atmos_restart_batch_640_anz50_i06v_2094-08-01,region_restart_batch_640_anz50_i06v_2094-08-01
atmos_restart_batch_640_anz50_i04s_2093-08-01,region_restart_batch_640_anz50_i04s_2093-08-01
atmos_restart_batch_640_anz50_i0aa_2096-08-01,region_restart_batch_640_anz50_i0aa_2096-08-01
atmos_restart_batch_640_anz50_i02g_2091-08-01,region_restart_batch_640_anz50_i02g_2091-08-01
atmos_restart_batch_640_anz50_i08v_2095-08-01,region_restart_batch_640_anz50_i08v_2095-08-01
atmos_restart_batch_640_anz50_i0c3_2097-08-01,region_restart_batch_640_anz50_i0c3_2097-08-01
atmos_restart_batch_640_anz50_i094_2095-08-01,region_restart_batch_640_anz50_i094_2095-08-01
atmos_restart_batch_640_anz50_i05x_2093-08-01,region_restart_batch_640_anz50_i05x_2093-08-01
atmos_restart_batch_640_anz50_i0fu_2100-08-01,region_restart_batch_640_anz50_i0fu_2100-08-01
atmos_restart_batch_640_anz50_i02r_2091-08-01,region_restart_batch_640_anz50_i02r_2091-08-01
atmos_restart_batch_640_anz50_i0ey_2099-08-01,region_restart_batch_640_anz50_i0ey_2099-08-01
atmos_restart_batch_640_anz50_i0b0_2097-08-01,region_restart_batch_640_anz50_i0b0_2097-08-01
atmos_restart_batch_640_anz50_i02f_2091-08-01,region_restart_batch_640_anz50_i02f_2091-08-01
atmos_restart_batch_640_anz50_i0ct_2098-08-01,region_restart_batch_640_anz50_i0ct_2098-08-01
atmos_restart_batch_640_anz50_i0cb_2098-08-01,region_restart_batch_640_anz50_i0cb_2098-08-01
atmos_restart_batch_640_anz50_i073_2094-08-01,region_restart_batch_640_anz50_i073_2094-08-01
atmos_restart_batch_640_anz50_i05h_2093-08-01,region_restart_batch_640_anz50_i05h_2093-08-01
atmos_restart_batch_640_anz50_i04w_2093-08-01,region_restart_batch_640_anz50_i04w_2093-08-01
atmos_restart_batch_640_anz50_i0e8_2099-08-01,region_restart_batch_640_anz50_i0e8_2099-08-01
atmos_restart_batch_640_anz50_i01c_2090-08-01,region_restart_batch_640_anz50_i01c_2090-08-01
atmos_restart_batch_640_anz50_i0du_2099-08-01,region_restart_batch_640_anz50_i0du_2099-08-01
atmos_restart_batch_640_anz50_i09i_2096-08-01,region_restart_batch_640_anz50_i09i_2096-08-01
atmos_restart_batch_640_anz50_i0fi_2100-08-01,region_restart_batch_640_anz50_i0fi_2100-08-01
atmos_restart_batch_640_anz50_i03o_2092-08-01,region_restart_batch_640_anz50_i03o_2092-08-01
atmos_restart_batch_640_anz50_i086_2095-08-01,region_restart_batch_640_anz50_i086_2095-08-01
atmos_restart_batch_640_anz50_i018_2090-08-01,region_restart_batch_640_anz50_i018_2090-08-01
atmos_restart_batch_640_anz50_i047_2092-08-01,region_restart_batch_640_anz50_i047_2092-08-01
atmos_restart_batch_640_anz50_i0dl_2098-08-01,region_restart_batch_640_anz50_i0dl_2098-08-01
atmos_restart_batch_640_anz50_i0dy_2099-08-01,region_restart_batch_640_anz50_i0dy_2099-08-01
atmos_restart_batch_640_anz50_i00n_2090-08-01,region_restart_batch_640_anz50_i00n_2090-08-01
atmos_restart_batch_640_anz50_i05z_2093-08-01,region_restart_batch_640_anz50_i05z_2093-08-01
atmos_restart_batch_640_anz50_i0dm_2098-08-01,region_restart_batch_640_anz50_i0dm_2098-08-01
atmos_restart_batch_640_anz50_i01i_2090-08-01,region_restart_batch_640_anz50_i01i_2090-08-01
atmos_restart_batch_640_anz50_i0ds_2099-08-01,region_restart_batch_640_anz50_i0ds_2099-08-01
atmos_restart_batch_640_anz50_i06z_2094-08-01,region_restart_batch_640_anz50_i06z_2094-08-01
atmos_restart_batch_640_anz50_i0a8_2096-08-01,region_restart_batch_640_anz50_i0a8_2096-08-01
atmos_restart_batch_640_anz50_i0et_2099-08-01,region_restart_batch_640_anz50_i0et_2099-08-01
atmos_restart_batch_640_anz50_i0f3_2099-08-01,region_restart_batch_640_anz50_i0f3_2099-08-01
atmos_restart_batch_640_anz50_i004_2090-08-01,region_restart_batch_640_anz50_i004_2090-08-01
atmos_restart_batch_640_anz50_i0gm_2100-08-01,region_restart_batch_640_anz50_i0gm_2100-08-01
atmos_restart_batch_640_anz50_i02w_2091-08-01,region_restart_batch_640_anz50_i02w_2091-08-01
atmos_restart_batch_640_anz50_i0fl_2100-08-01,region_restart_batch_640_anz50_i0fl_2100-08-01
atmos_restart_batch_640_anz50_i02h_2091-08-01,region_restart_batch_640_anz50_i02h_2091-08-01
atmos_restart_batch_640_anz50_i08q_2095-08-01,region_restart_batch_640_anz50_i08q_2095-08-01
atmos_restart_batch_640_anz50_i04z_2093-08-01,region_restart_batch_640_anz50_i04z_2093-08-01
atmos_restart_batch_640_anz50_i0bf_2097-08-01,region_restart_batch_640_anz50_i0bf_2097-08-01
atmos_restart_batch_640_anz50_i090_2095-08-01,region_restart_batch_640_anz50_i090_2095-08-01
atmos_restart_batch_640_anz50_i08d_2095-08-01,region_restart_batch_640_anz50_i08d_2095-08-01
atmos_restart_batch_640_anz50_i029_2091-08-01,region_restart_batch_640_anz50_i029_2091-08-01
atmos_restart_batch_640_anz50_i0bt_2097-08-01,region_restart_batch_640_anz50_i0bt_2097-08-01
atmos_restart_batch_640_anz50_i0dk_2098-08-01,region_restart_batch_640_anz50_i0dk_2098-08-01
atmos_restart_batch_640_anz50_i01u_2091-08-01,region_restart_batch_640_anz50_i01u_2091-08-01
atmos_restart_batch_640_anz50_i0bc_2097-08-01,region_restart_batch_640_anz50_i0bc_2097-08-01
atmos_restart_batch_640_anz50_i0f4_2099-08-01,region_restart_batch_640_anz50_i0f4_2099-08-01
atmos_restart_batch_640_anz50_i09v_2096-08-01,region_restart_batch_640_anz50_i09v_2096-08-01
atmos_restart_batch_640_anz50_i0cn_2098-08-01,region_restart_batch_640_anz50_i0cn_2098-08-01
atmos_restart_batch_640_anz50_i0g8_2100-08-01,region_restart_batch_640_anz50_i0g8_2100-08-01
atmos_restart_batch_640_anz50_i01n_2091-08-01,region_restart_batch_640_anz50_i01n_2091-08-01
atmos_restart_batch_640_anz50_i09s_2096-08-01,region_restart_batch_640_anz50_i09s_2096-08-01
atmos_restart_batch_640_anz50_i049_2092-08-01,region_restart_batch_640_anz50_i049_2092-08-01
atmos_restart_batch_640_anz50_i0ce_2098-08-01,region_restart_batch_640_anz50_i0ce_2098-08-01
atmos_restart_batch_640_anz50_i05j_2093-08-01,region_restart_batch_640_anz50_i05j_2093-08-01
atmos_restart_batch_640_anz50_i05w_2093-08-01,region_restart_batch_640_anz50_i05w_2093-08-01
atmos_restart_batch_640_anz50_i060_2093-08-01,region_restart_batch_640_anz50_i060_2093-08-01
atmos_restart_batch_640_anz50_i0bz_2097-08-01,region_restart_batch_640_anz50_i0bz_2097-08-01
atmos_restart_batch_640_anz50_i0f5_2099-08-01,region_restart_batch_640_anz50_i0f5_2099-08-01
atmos_restart_batch_640_anz50_i07s_2095-08-01,region_restart_batch_640_anz50_i07s_2095-08-01
atmos_restart_batch_640_anz50_i08r_2095-08-01,region_restart_batch_640_anz50_i08r_2095-08-01
atmos_restart_batch_640_anz50_i0ex_2099-08-01,region_restart_batch_640_anz50_i0ex_2099-08-01
atmos_restart_batch_640_anz50_i08p_2095-08-01,region_restart_batch_640_anz50_i08p_2095-08-01
atmos_restart_batch_640_anz50_i063_2093-08-01,region_restart_batch_640_anz50_i063_2093-08-01
atmos_restart_batch_640_anz50_i0au_2097-08-01,region_restart_batch_640_anz50_i0au_2097-08-01
atmos_restart_batch_640_anz50_i0gd_2100-08-01,region_restart_batch_640_anz50_i0gd_2100-08-01
atmos_restart_batch_640_anz50_i012_2090-08-01,region_restart_batch_640_anz50_i012_2090-08-01
atmos_restart_batch_640_anz50_i00f_2090-08-01,region_restart_batch_640_anz50_i00f_2090-08-01
atmos_restart_batch_640_anz50_i0ca_2098-08-01,region_restart_batch_640_anz50_i0ca_2098-08-01
atmos_restart_batch_640_anz50_i058_2093-08-01,region_restart_batch_640_anz50_i058_2093-08-01
atmos_restart_batch_640_anz50_i01x_2091-08-01,region_restart_batch_640_anz50_i01x_2091-08-01
atmos_restart_batch_640_anz50_i0d1_2098-08-01,region_restart_batch_640_anz50_i0d1_2098-08-01
atmos_restart_batch_640_anz50_i04a_2092-08-01,region_restart_batch_640_anz50_i04a_2092-08-01
atmos_restart_batch_640_anz50_i03g_2092-08-01,region_restart_batch_640_anz50_i03g_2092-08-01
atmos_restart_batch_640_anz50_i02o_2091-08-01,region_restart_batch_640_anz50_i02o_2091-08-01
atmos_restart_batch_640_anz50_i07q_2095-08-01,region_restart_batch_640_anz50_i07q_2095-08-01
atmos_restart_batch_640_anz50_i06l_2094-08-01,region_restart_batch_640_anz50_i06l_2094-08-01
atmos_restart_batch_640_anz50_i0dc_2098-08-01,region_restart_batch_640_anz50_i0dc_2098-08-01
atmos_restart_batch_640_anz50_i03k_2092-08-01,region_restart_batch_640_anz50_i03k_2092-08-01
atmos_restart_batch_640_anz50_i074_2094-08-01,region_restart_batch_640_anz50_i074_2094-08-01
atmos_restart_batch_640_anz50_i082_2095-08-01,region_restart_batch_640_anz50_i082_2095-08-01
atmos_restart_batch_640_anz50_i066_2094-08-01,region_restart_batch_640_anz50_i066_2094-08-01
atmos_restart_batch_640_anz50_i0ff_2100-08-01,region_restart_batch_640_anz50_i0ff_2100-08-01
atmos_restart_batch_640_anz50_i04l_2093-08-01,region_restart_batch_640_anz50_i04l_2093-08-01
atmos_restart_batch_640_anz50_i0ai_2096-08-01,region_restart_batch_640_anz50_i0ai_2096-08-01
atmos_restart_batch_640_anz50_i05k_2093-08-01,region_restart_batch_640_anz50_i05k_2093-08-01
atmos_restart_batch_640_anz50_i0gn_2100-08-01,region_restart_batch_640_anz50_i0gn_2100-08-01
atmos_restart_batch_640_anz50_i0e6_2099-08-01,region_restart_batch_640_anz50_i0e6_2099-08-01
atmos_restart_batch_640_anz50_i0a7_2096-08-01,region_restart_batch_640_anz50_i0a7_2096-08-01
atmos_restart_batch_640_anz50_i07a_2094-08-01,region_restart_batch_640_anz50_i07a_2094-08-01
atmos_restart_batch_640_anz50_i069_2094-08-01,region_restart_batch_640_anz50_i069_2094-08-01
atmos_restart_batch_640_anz50_i0gg_2100-08-01,region_restart_batch_640_anz50_i0gg_2100-08-01
atmos_restart_batch_640_anz50_i0av_2097-08-01,region_restart_batch_640_anz50_i0av_2097-08-01
atmos_restart_batch_640_anz50_i01m_2091-08-01,region_restart_batch_640_anz50_i01m_2091-08-01
atmos_restart_batch_640_anz50_i04f_2092-08-01,region_restart_batch_640_anz50_i04f_2092-08-01
atmos_restart_batch_640_anz50_i01b_2090-08-01,region_restart_batch_640_anz50_i01b_2090-08-01
atmos_restart_batch_640_anz50_i07i_2094-08-01,region_restart_batch_640_anz50_i07i_2094-08-01
atmos_restart_batch_640_anz50_i0f7_2099-08-01,region_restart_batch_640_anz50_i0f7_2099-08-01
atmos_restart_batch_640_anz50_i05e_2093-08-01,region_restart_batch_640_anz50_i05e_2093-08-01
atmos_restart_batch_640_anz50_i03j_2092-08-01,region_restart_batch_640_anz50_i03j_2092-08-01
atmos_restart_batch_640_anz50_i01l_2091-08-01,region_restart_batch_640_anz50_i01l_2091-08-01
atmos_restart_batch_640_anz50_i0do_2098-08-01,region_restart_batch_640_anz50_i0do_2098-08-01
atmos_restart_batch_640_anz50_i0g6_2100-08-01,region_restart_batch_640_anz50_i0g6_2100-08-01
atmos_restart_batch_640_anz50_i02s_2091-08-01,region_restart_batch_640_anz50_i02s_2091-08-01
atmos_restart_batch_640_anz50_i08u_2095-08-01,region_restart_batch_640_anz50_i08u_2095-08-01
atmos_restart_batch_640_anz50_i014_2090-08-01,region_restart_batch_640_anz50_i014_2090-08-01
atmos_restart_batch_640_anz50_i0ev_2099-08-01,region_restart_batch_640_anz50_i0ev_2099-08-01
atmos_restart_batch_640_anz50_i05u_2093-08-01,region_restart_batch_640_anz50_i05u_2093-08-01
atmos_restart_batch_640_anz50_i07v_2095-08-01,region_restart_batch_640_anz50_i07v_2095-08-01
atmos_restart_batch_640_anz50_i0df_2098-08-01,region_restart_batch_640_anz50_i0df_2098-08-01
atmos_restart_batch_640_anz50_i051_2093-08-01,region_restart_batch_640_anz50_i051_2093-08-01
atmos_restart_batch_640_anz50_i08a_2095-08-01,region_restart_batch_640_anz50_i08a_2095-08-01
atmos_restart_batch_640_anz50_i0d2_2098-08-01,region_restart_batch_640_anz50_i0d2_2098-08-01
atmos_restart_batch_640_anz50_i0a2_2096-08-01,region_restart_batch_640_anz50_i0a2_2096-08-01
atmos_restart_batch_640_anz50_i04p_2093-08-01,region_restart_batch_640_anz50_i04p_2093-08-01
atmos_restart_batch_640_anz50_i081_2095-08-01,region_restart_batch_640_anz50_i081_2095-08-01
atmos_restart_batch_640_anz50_i0fk_2100-08-01,region_restart_batch_640_anz50_i0fk_2100-08-01
atmos_restart_batch_640_anz50_i08i_2095-08-01,region_restart_batch_640_anz50_i08i_2095-08-01
atmos_restart_batch_640_anz50_i0gc_2100-08-01,region_restart_batch_640_anz50_i0gc_2100-08-01
atmos_restart_batch_640_anz50_i0gr_2100-08-01,region_restart_batch_640_anz50_i0gr_2100-08-01
atmos_restart_batch_640_anz50_i0c7_2097-08-01,region_restart_batch_640_anz50_i0c7_2097-08-01
atmos_restart_batch_640_anz50_i0bp_2097-08-01,region_restart_batch_640_anz50_i0bp_2097-08-01
atmos_restart_batch_640_anz50_i09l_2096-08-01,region_restart_batch_640_anz50_i09l_2096-08-01
atmos_restart_batch_640_anz50_i0ei_2099-08-01,region_restart_batch_640_anz50_i0ei_2099-08-01
atmos_restart_batch_640_anz50_i0fp_2100-08-01,region_restart_batch_640_anz50_i0fp_2100-08-01
atmos_restart_batch_640_anz50_i0gp_2100-08-01,region_restart_batch_640_anz50_i0gp_2100-08-01
atmos_restart_batch_640_anz50_i0cq_2098-08-01,region_restart_batch_640_anz50_i0cq_2098-08-01
atmos_restart_batch_640_anz50_i041_2092-08-01,region_restart_batch_640_anz50_i041_2092-08-01
atmos_restart_batch_640_anz50_i0ay_2097-08-01,region_restart_batch_640_anz50_i0ay_2097-08-01
atmos_restart_batch_640_anz50_i01a_2090-08-01,region_restart_batch_640_anz50_i01a_2090-08-01
atmos_restart_batch_640_anz50_i0eo_2099-08-01,region_restart_batch_640_anz50_i0eo_2099-08-01
atmos_restart_batch_640_anz50_i00u_2090-08-01,region_restart_batch_640_anz50_i00u_2090-08-01
atmos_restart_batch_640_anz50_i00j_2090-08-01,region_restart_batch_640_anz50_i00j_2090-08-01
atmos_restart_batch_640_anz50_i04k_2092-08-01,region_restart_batch_640_anz50_i04k_2092-08-01
atmos_restart_batch_640_anz50_i04x_2093-08-01,region_restart_batch_640_anz50_i04x_2093-08-01
atmos_restart_batch_640_anz50_i0gh_2100-08-01,region_restart_batch_640_anz50_i0gh_2100-08-01
atmos_restart_batch_640_anz50_i0g1_2100-08-01,region_restart_batch_640_anz50_i0g1_2100-08-01
atmos_restart_batch_640_anz50_i07r_2095-08-01,region_restart_batch_640_anz50_i07r_2095-08-01
atmos_restart_batch_640_anz50_i02e_2091-08-01,region_restart_batch_640_anz50_i02e_2091-08-01
atmos_restart_batch_640_anz50_i0ba_2097-08-01,region_restart_batch_640_anz50_i0ba_2097-08-01
atmos_restart_batch_640_anz50_i09t_2096-08-01,region_restart_batch_640_anz50_i09t_2096-08-01
atmos_restart_batch_640_anz50_i09f_2096-08-01,region_restart_batch_640_anz50_i09f_2096-08-01
atmos_restart_batch_640_anz50_i023_2091-08-01,region_restart_batch_640_anz50_i023_2091-08-01
atmos_restart_batch_640_anz50_i0cg_2098-08-01,region_restart_batch_640_anz50_i0cg_2098-08-01
atmos_restart_batch_640_anz50_i02v_2091-08-01,region_restart_batch_640_anz50_i02v_2091-08-01
atmos_restart_batch_640_anz50_i0ft_2100-08-01,region_restart_batch_640_anz50_i0ft_2100-08-01
atmos_restart_batch_640_anz50_i06u_2094-08-01,region_restart_batch_640_anz50_i06u_2094-08-01
atmos_restart_batch_640_anz50_i0c0_2097-08-01,region_restart_batch_640_anz50_i0c0_2097-08-01
atmos_restart_batch_640_anz50_i00d_2090-08-01,region_restart_batch_640_anz50_i00d_2090-08-01
atmos_restart_batch_640_anz50_i08t_2095-08-01,region_restart_batch_640_anz50_i08t_2095-08-01
atmos_restart_batch_640_anz50_i098_2096-08-01,region_restart_batch_640_anz50_i098_2096-08-01
atmos_restart_batch_640_anz50_i09x_2096-08-01,region_restart_batch_640_anz50_i09x_2096-08-01
atmos_restart_batch_640_anz50_i0de_2098-08-01,region_restart_batch_640_anz50_i0de_2098-08-01
atmos_restart_batch_640_anz50_i03y_2092-08-01,region_restart_batch_640_anz50_i03y_2092-08-01
atmos_restart_batch_640_anz50_i083_2095-08-01,region_restart_batch_640_anz50_i083_2095-08-01
atmos_restart_batch_640_anz50_i07j_2094-08-01,region_restart_batch_640_anz50_i07j_2094-08-01
atmos_restart_batch_640_anz50_i017_2090-08-01,region_restart_batch_640_anz50_i017_2090-08-01
atmos_restart_batch_640_anz50_i070_2094-08-01,region_restart_batch_640_anz50_i070_2094-08-01
atmos_restart_batch_640_anz50_i00m_2090-08-01,region_restart_batch_640_anz50_i00m_2090-08-01
atmos_restart_batch_640_anz50_i03b_2092-08-01,region_restart_batch_640_anz50_i03b_2092-08-01
atmos_restart_batch_640_anz50_i0eg_2099-08-01,region_restart_batch_640_anz50_i0eg_2099-08-01
atmos_restart_batch_640_anz50_i07w_2095-08-01,region_restart_batch_640_anz50_i07w_2095-08-01
atmos_restart_batch_640_anz50_i01r_2091-08-01,region_restart_batch_640_anz50_i01r_2091-08-01
atmos_restart_batch_640_anz50_i0bj_2097-08-01,region_restart_batch_640_anz50_i0bj_2097-08-01
atmos_restart_batch_640_anz50_i00a_2090-08-01,region_restart_batch_640_anz50_i00a_2090-08-01
atmos_restart_batch_640_anz50_i06b_2094-08-01,region_restart_batch_640_anz50_i06b_2094-08-01
atmos_restart_batch_640_anz50_i0b9_2097-08-01,region_restart_batch_640_anz50_i0b9_2097-08-01
atmos_restart_batch_640_anz50_i092_2095-08-01,region_restart_batch_640_anz50_i092_2095-08-01
atmos_restart_batch_640_anz50_i07e_2094-08-01,region_restart_batch_640_anz50_i07e_2094-08-01
atmos_restart_batch_640_anz50_i02l_2091-08-01,region_restart_batch_640_anz50_i02l_2091-08-01
atmos_restart_batch_640_anz50_i0dx_2099-08-01,region_restart_batch_640_anz50_i0dx_2099-08-01
atmos_restart_batch_640_anz50_i0cu_2098-08-01,region_restart_batch_640_anz50_i0cu_2098-08-01
atmos_restart_batch_640_anz50_i05i_2093-08-01,region_restart_batch_640_anz50_i05i_2093-08-01
atmos_restart_batch_640_anz50_i0ee_2099-08-01,region_restart_batch_640_anz50_i0ee_2099-08-01
atmos_restart_batch_640_anz50_i077_2094-08-01,region_restart_batch_640_anz50_i077_2094-08-01
atmos_restart_batch_640_anz50_i03a_2092-08-01,region_restart_batch_640_anz50_i03a_2092-08-01
atmos_restart_batch_640_anz50_i093_2095-08-01,region_restart_batch_640_anz50_i093_2095-08-01
atmos_restart_batch_640_anz50_i059_2093-08-01,region_restart_batch_640_anz50_i059_2093-08-01
atmos_restart_batch_640_anz50_i09z_2096-08-01,region_restart_batch_640_anz50_i09z_2096-08-01
atmos_restart_batch_640_anz50_i068_2094-08-01,region_restart_batch_640_anz50_i068_2094-08-01
atmos_restart_batch_640_anz50_i01t_2091-08-01,region_restart_batch_640_anz50_i01t_2091-08-01
atmos_restart_batch_640_anz50_i0ea_2099-08-01,region_restart_batch_640_anz50_i0ea_2099-08-01
atmos_restart_batch_640_anz50_i0d9_2098-08-01,region_restart_batch_640_anz50_i0d9_2098-08-01
atmos_restart_batch_640_anz50_i04c_2092-08-01,region_restart_batch_640_anz50_i04c_2092-08-01
atmos_restart_batch_640_anz50_i00x_2090-08-01,region_restart_batch_640_anz50_i00x_2090-08-01
atmos_restart_batch_640_anz50_i0c1_2097-08-01,region_restart_batch_640_anz50_i0c1_2097-08-01
atmos_restart_batch_640_anz50_i08h_2095-08-01,region_restart_batch_640_anz50_i08h_2095-08-01
atmos_restart_batch_640_anz50_i00o_2090-08-01,region_restart_batch_640_anz50_i00o_2090-08-01
atmos_restart_batch_640_anz50_i0c6_2097-08-01,region_restart_batch_640_anz50_i0c6_2097-08-01
atmos_restart_batch_640_anz50_i036_2092-08-01,region_restart_batch_640_anz50_i036_2092-08-01
atmos_restart_batch_640_anz50_i0d4_2098-08-01,region_restart_batch_640_anz50_i0d4_2098-08-01
atmos_restart_batch_640_anz50_i0g2_2100-08-01,region_restart_batch_640_anz50_i0g2_2100-08-01
atmos_restart_batch_640_anz50_i00z_2090-08-01,region_restart_batch_640_anz50_i00z_2090-08-01
atmos_restart_batch_640_anz50_i05n_2093-08-01,region_restart_batch_640_anz50_i05n_2093-08-01
atmos_restart_batch_640_anz50_i05l_2093-08-01,region_restart_batch_640_anz50_i05l_2093-08-01
atmos_restart_batch_640_anz50_i09c_2096-08-01,region_restart_batch_640_anz50_i09c_2096-08-01
atmos_restart_batch_640_anz50_i08y_2095-08-01,region_restart_batch_640_anz50_i08y_2095-08-01
atmos_restart_batch_640_anz50_i0fb_2100-08-01,region_restart_batch_640_anz50_i0fb_2100-08-01
atmos_restart_batch_640_anz50_i0dp_2098-08-01,region_restart_batch_640_anz50_i0dp_2098-08-01
atmos_restart_batch_640_anz50_i0ar_2097-08-01,region_restart_batch_640_anz50_i0ar_2097-08-01
atmos_restart_batch_640_anz50_i03n_2092-08-01,region_restart_batch_640_anz50_i03n_2092-08-01
atmos_restart_batch_640_anz50_i01o_2091-08-01,region_restart_batch_640_anz50_i01o_2091-08-01
atmos_restart_batch_640_anz50_i01s_2091-08-01,region_restart_batch_640_anz50_i01s_2091-08-01
atmos_restart_batch_640_anz50_i045_2092-08-01,region_restart_batch_640_anz50_i045_2092-08-01
atmos_restart_batch_640_anz50_i08f_2095-08-01,region_restart_batch_640_anz50_i08f_2095-08-01
atmos_restart_batch_640_anz50_i0an_2096-08-01,region_restart_batch_640_anz50_i0an_2096-08-01
atmos_restart_batch_640_anz50_i0dn_2098-08-01,region_restart_batch_640_anz50_i0dn_2098-08-01
atmos_restart_batch_640_anz50_i07u_2095-08-01,region_restart_batch_640_anz50_i07u_2095-08-01
atmos_restart_batch_640_anz50_i075_2094-08-01,region_restart_batch_640_anz50_i075_2094-08-01
