atmos_restart_batch_639_anz50_h098_2096-08-01,region_restart_batch_639_anz50_h098_2096-08-01
atmos_restart_batch_639_anz50_h02w_2091-08-01,region_restart_batch_639_anz50_h02w_2091-08-01
atmos_restart_batch_639_anz50_h0e2_2099-08-01,region_restart_batch_639_anz50_h0e2_2099-08-01
atmos_restart_batch_639_anz50_h08b_2095-08-01,region_restart_batch_639_anz50_h08b_2095-08-01
atmos_restart_batch_639_anz50_h074_2094-08-01,region_restart_batch_639_anz50_h074_2094-08-01
atmos_restart_batch_639_anz50_h00v_2090-08-01,region_restart_batch_639_anz50_h00v_2090-08-01
atmos_restart_batch_639_anz50_h0ep_2099-08-01,region_restart_batch_639_anz50_h0ep_2099-08-01
atmos_restart_batch_639_anz50_h0e1_2099-08-01,region_restart_batch_639_anz50_h0e1_2099-08-01
atmos_restart_batch_639_anz50_h01d_2090-08-01,region_restart_batch_639_anz50_h01d_2090-08-01
atmos_restart_batch_639_anz50_h0c7_2097-08-01,region_restart_batch_639_anz50_h0c7_2097-08-01
atmos_restart_batch_639_anz50_h0en_2099-08-01,region_restart_batch_639_anz50_h0en_2099-08-01
atmos_restart_batch_639_anz50_h045_2092-08-01,region_restart_batch_639_anz50_h045_2092-08-01
atmos_restart_batch_639_anz50_h0be_2097-08-01,region_restart_batch_639_anz50_h0be_2097-08-01
atmos_restart_batch_639_anz50_h002_2090-08-01,region_restart_batch_639_anz50_h002_2090-08-01
atmos_restart_batch_639_anz50_h0du_2099-08-01,region_restart_batch_639_anz50_h0du_2099-08-01
atmos_restart_batch_639_anz50_h0gg_2100-08-01,region_restart_batch_639_anz50_h0gg_2100-08-01
atmos_restart_batch_639_anz50_h05q_2093-08-01,region_restart_batch_639_anz50_h05q_2093-08-01
atmos_restart_batch_639_anz50_h02s_2091-08-01,region_restart_batch_639_anz50_h02s_2091-08-01
atmos_restart_batch_639_anz50_h0gm_2100-08-01,region_restart_batch_639_anz50_h0gm_2100-08-01
atmos_restart_batch_639_anz50_h012_2090-08-01,region_restart_batch_639_anz50_h012_2090-08-01
atmos_restart_batch_639_anz50_h00z_2090-08-01,region_restart_batch_639_anz50_h00z_2090-08-01
atmos_restart_batch_639_anz50_h06o_2094-08-01,region_restart_batch_639_anz50_h06o_2094-08-01
atmos_restart_batch_639_anz50_h02n_2091-08-01,region_restart_batch_639_anz50_h02n_2091-08-01
atmos_restart_batch_639_anz50_h0e3_2099-08-01,region_restart_batch_639_anz50_h0e3_2099-08-01
atmos_restart_batch_639_anz50_h05s_2093-08-01,region_restart_batch_639_anz50_h05s_2093-08-01
atmos_restart_batch_639_anz50_h0bs_2097-08-01,region_restart_batch_639_anz50_h0bs_2097-08-01
atmos_restart_batch_639_anz50_h092_2095-08-01,region_restart_batch_639_anz50_h092_2095-08-01
atmos_restart_batch_639_anz50_h0ci_2098-08-01,region_restart_batch_639_anz50_h0ci_2098-08-01
atmos_restart_batch_639_anz50_h0gf_2100-08-01,region_restart_batch_639_anz50_h0gf_2100-08-01
atmos_restart_batch_639_anz50_h0gb_2100-08-01,region_restart_batch_639_anz50_h0gb_2100-08-01
atmos_restart_batch_639_anz50_h0cy_2098-08-01,region_restart_batch_639_anz50_h0cy_2098-08-01
atmos_restart_batch_639_anz50_h0dw_2099-08-01,region_restart_batch_639_anz50_h0dw_2099-08-01
atmos_restart_batch_639_anz50_h042_2092-08-01,region_restart_batch_639_anz50_h042_2092-08-01
atmos_restart_batch_639_anz50_h06c_2094-08-01,region_restart_batch_639_anz50_h06c_2094-08-01
atmos_restart_batch_639_anz50_h058_2093-08-01,region_restart_batch_639_anz50_h058_2093-08-01
atmos_restart_batch_639_anz50_h02v_2091-08-01,region_restart_batch_639_anz50_h02v_2091-08-01
atmos_restart_batch_639_anz50_h063_2093-08-01,region_restart_batch_639_anz50_h063_2093-08-01
atmos_restart_batch_639_anz50_h0b3_2097-08-01,region_restart_batch_639_anz50_h0b3_2097-08-01
atmos_restart_batch_639_anz50_h0ft_2100-08-01,region_restart_batch_639_anz50_h0ft_2100-08-01
atmos_restart_batch_639_anz50_h06s_2094-08-01,region_restart_batch_639_anz50_h06s_2094-08-01
atmos_restart_batch_639_anz50_h09b_2096-08-01,region_restart_batch_639_anz50_h09b_2096-08-01
atmos_restart_batch_639_anz50_h08h_2095-08-01,region_restart_batch_639_anz50_h08h_2095-08-01
atmos_restart_batch_639_anz50_h008_2090-08-01,region_restart_batch_639_anz50_h008_2090-08-01
atmos_restart_batch_639_anz50_h09c_2096-08-01,region_restart_batch_639_anz50_h09c_2096-08-01
atmos_restart_batch_639_anz50_h0dc_2098-08-01,region_restart_batch_639_anz50_h0dc_2098-08-01
atmos_restart_batch_639_anz50_h07e_2094-08-01,region_restart_batch_639_anz50_h07e_2094-08-01
atmos_restart_batch_639_anz50_h049_2092-08-01,region_restart_batch_639_anz50_h049_2092-08-01
atmos_restart_batch_639_anz50_h01i_2090-08-01,region_restart_batch_639_anz50_h01i_2090-08-01
atmos_restart_batch_639_anz50_h0c4_2097-08-01,region_restart_batch_639_anz50_h0c4_2097-08-01
atmos_restart_batch_639_anz50_h04m_2093-08-01,region_restart_batch_639_anz50_h04m_2093-08-01
atmos_restart_batch_639_anz50_h06q_2094-08-01,region_restart_batch_639_anz50_h06q_2094-08-01
atmos_restart_batch_639_anz50_h077_2094-08-01,region_restart_batch_639_anz50_h077_2094-08-01
atmos_restart_batch_639_anz50_h0da_2098-08-01,region_restart_batch_639_anz50_h0da_2098-08-01
atmos_restart_batch_639_anz50_h0bu_2097-08-01,region_restart_batch_639_anz50_h0bu_2097-08-01
atmos_restart_batch_639_anz50_h022_2091-08-01,region_restart_batch_639_anz50_h022_2091-08-01
atmos_restart_batch_639_anz50_h0ew_2099-08-01,region_restart_batch_639_anz50_h0ew_2099-08-01
atmos_restart_batch_639_anz50_h0ej_2099-08-01,region_restart_batch_639_anz50_h0ej_2099-08-01
atmos_restart_batch_639_anz50_h02k_2091-08-01,region_restart_batch_639_anz50_h02k_2091-08-01
atmos_restart_batch_639_anz50_h03r_2092-08-01,region_restart_batch_639_anz50_h03r_2092-08-01
atmos_restart_batch_639_anz50_h01e_2090-08-01,region_restart_batch_639_anz50_h01e_2090-08-01
atmos_restart_batch_639_anz50_h0dx_2099-08-01,region_restart_batch_639_anz50_h0dx_2099-08-01
atmos_restart_batch_639_anz50_h09d_2096-08-01,region_restart_batch_639_anz50_h09d_2096-08-01
atmos_restart_batch_639_anz50_h0di_2098-08-01,region_restart_batch_639_anz50_h0di_2098-08-01
atmos_restart_batch_639_anz50_h0a0_2096-08-01,region_restart_batch_639_anz50_h0a0_2096-08-01
atmos_restart_batch_639_anz50_h07b_2094-08-01,region_restart_batch_639_anz50_h07b_2094-08-01
atmos_restart_batch_639_anz50_h04d_2092-08-01,region_restart_batch_639_anz50_h04d_2092-08-01
atmos_restart_batch_639_anz50_h04l_2093-08-01,region_restart_batch_639_anz50_h04l_2093-08-01
atmos_restart_batch_639_anz50_h0ad_2096-08-01,region_restart_batch_639_anz50_h0ad_2096-08-01
atmos_restart_batch_639_anz50_h0d8_2098-08-01,region_restart_batch_639_anz50_h0d8_2098-08-01
atmos_restart_batch_639_anz50_h050_2093-08-01,region_restart_batch_639_anz50_h050_2093-08-01
atmos_restart_batch_639_anz50_h00q_2090-08-01,region_restart_batch_639_anz50_h00q_2090-08-01
atmos_restart_batch_639_anz50_h07w_2095-08-01,region_restart_batch_639_anz50_h07w_2095-08-01
atmos_restart_batch_639_anz50_h09u_2096-08-01,region_restart_batch_639_anz50_h09u_2096-08-01
atmos_restart_batch_639_anz50_h0gh_2100-08-01,region_restart_batch_639_anz50_h0gh_2100-08-01
atmos_restart_batch_639_anz50_h08k_2095-08-01,region_restart_batch_639_anz50_h08k_2095-08-01
atmos_restart_batch_639_anz50_h03b_2092-08-01,region_restart_batch_639_anz50_h03b_2092-08-01
atmos_restart_batch_639_anz50_h06v_2094-08-01,region_restart_batch_639_anz50_h06v_2094-08-01
atmos_restart_batch_639_anz50_h0ay_2097-08-01,region_restart_batch_639_anz50_h0ay_2097-08-01
atmos_restart_batch_639_anz50_h0go_2100-08-01,region_restart_batch_639_anz50_h0go_2100-08-01
atmos_restart_batch_639_anz50_h0eq_2099-08-01,region_restart_batch_639_anz50_h0eq_2099-08-01
atmos_restart_batch_639_anz50_h0g4_2100-08-01,region_restart_batch_639_anz50_h0g4_2100-08-01
atmos_restart_batch_639_anz50_h038_2092-08-01,region_restart_batch_639_anz50_h038_2092-08-01
atmos_restart_batch_639_anz50_h040_2092-08-01,region_restart_batch_639_anz50_h040_2092-08-01
atmos_restart_batch_639_anz50_h0ac_2096-08-01,region_restart_batch_639_anz50_h0ac_2096-08-01
atmos_restart_batch_639_anz50_h0cu_2098-08-01,region_restart_batch_639_anz50_h0cu_2098-08-01
atmos_restart_batch_639_anz50_h07h_2094-08-01,region_restart_batch_639_anz50_h07h_2094-08-01
atmos_restart_batch_639_anz50_h03p_2092-08-01,region_restart_batch_639_anz50_h03p_2092-08-01
atmos_restart_batch_639_anz50_h02d_2091-08-01,region_restart_batch_639_anz50_h02d_2091-08-01
atmos_restart_batch_639_anz50_h04c_2092-08-01,region_restart_batch_639_anz50_h04c_2092-08-01
atmos_restart_batch_639_anz50_h00y_2090-08-01,region_restart_batch_639_anz50_h00y_2090-08-01
atmos_restart_batch_639_anz50_h03l_2092-08-01,region_restart_batch_639_anz50_h03l_2092-08-01
atmos_restart_batch_639_anz50_h0bb_2097-08-01,region_restart_batch_639_anz50_h0bb_2097-08-01
atmos_restart_batch_639_anz50_h0c0_2097-08-01,region_restart_batch_639_anz50_h0c0_2097-08-01
atmos_restart_batch_639_anz50_h097_2096-08-01,region_restart_batch_639_anz50_h097_2096-08-01
atmos_restart_batch_639_anz50_h0aq_2097-08-01,region_restart_batch_639_anz50_h0aq_2097-08-01
atmos_restart_batch_639_anz50_h03v_2092-08-01,region_restart_batch_639_anz50_h03v_2092-08-01
atmos_restart_batch_639_anz50_h013_2090-08-01,region_restart_batch_639_anz50_h013_2090-08-01
atmos_restart_batch_639_anz50_h09q_2096-08-01,region_restart_batch_639_anz50_h09q_2096-08-01
atmos_restart_batch_639_anz50_h0a1_2096-08-01,region_restart_batch_639_anz50_h0a1_2096-08-01
atmos_restart_batch_639_anz50_h031_2091-08-01,region_restart_batch_639_anz50_h031_2091-08-01
atmos_restart_batch_639_anz50_h04q_2093-08-01,region_restart_batch_639_anz50_h04q_2093-08-01
atmos_restart_batch_639_anz50_h0bz_2097-08-01,region_restart_batch_639_anz50_h0bz_2097-08-01
atmos_restart_batch_639_anz50_h021_2091-08-01,region_restart_batch_639_anz50_h021_2091-08-01
atmos_restart_batch_639_anz50_h0d2_2098-08-01,region_restart_batch_639_anz50_h0d2_2098-08-01
atmos_restart_batch_639_anz50_h05f_2093-08-01,region_restart_batch_639_anz50_h05f_2093-08-01
atmos_restart_batch_639_anz50_h095_2095-08-01,region_restart_batch_639_anz50_h095_2095-08-01
atmos_restart_batch_639_anz50_h01u_2091-08-01,region_restart_batch_639_anz50_h01u_2091-08-01
atmos_restart_batch_639_anz50_h05c_2093-08-01,region_restart_batch_639_anz50_h05c_2093-08-01
atmos_restart_batch_639_anz50_h0fc_2100-08-01,region_restart_batch_639_anz50_h0fc_2100-08-01
atmos_restart_batch_639_anz50_h055_2093-08-01,region_restart_batch_639_anz50_h055_2093-08-01
atmos_restart_batch_639_anz50_h052_2093-08-01,region_restart_batch_639_anz50_h052_2093-08-01
atmos_restart_batch_639_anz50_h05p_2093-08-01,region_restart_batch_639_anz50_h05p_2093-08-01
atmos_restart_batch_639_anz50_h0fs_2100-08-01,region_restart_batch_639_anz50_h0fs_2100-08-01
atmos_restart_batch_639_anz50_h0fb_2100-08-01,region_restart_batch_639_anz50_h0fb_2100-08-01
atmos_restart_batch_639_anz50_h0gr_2100-08-01,region_restart_batch_639_anz50_h0gr_2100-08-01
atmos_restart_batch_639_anz50_h044_2092-08-01,region_restart_batch_639_anz50_h044_2092-08-01
atmos_restart_batch_639_anz50_h006_2090-08-01,region_restart_batch_639_anz50_h006_2090-08-01
atmos_restart_batch_639_anz50_h023_2091-08-01,region_restart_batch_639_anz50_h023_2091-08-01
atmos_restart_batch_639_anz50_h0az_2097-08-01,region_restart_batch_639_anz50_h0az_2097-08-01
atmos_restart_batch_639_anz50_h0ei_2099-08-01,region_restart_batch_639_anz50_h0ei_2099-08-01
atmos_restart_batch_639_anz50_h00n_2090-08-01,region_restart_batch_639_anz50_h00n_2090-08-01
atmos_restart_batch_639_anz50_h04u_2093-08-01,region_restart_batch_639_anz50_h04u_2093-08-01
atmos_restart_batch_639_anz50_h0a5_2096-08-01,region_restart_batch_639_anz50_h0a5_2096-08-01
atmos_restart_batch_639_anz50_h056_2093-08-01,region_restart_batch_639_anz50_h056_2093-08-01
atmos_restart_batch_639_anz50_h02l_2091-08-01,region_restart_batch_639_anz50_h02l_2091-08-01
atmos_restart_batch_639_anz50_h07u_2095-08-01,region_restart_batch_639_anz50_h07u_2095-08-01
atmos_restart_batch_639_anz50_h01s_2091-08-01,region_restart_batch_639_anz50_h01s_2091-08-01
atmos_restart_batch_639_anz50_h026_2091-08-01,region_restart_batch_639_anz50_h026_2091-08-01
atmos_restart_batch_639_anz50_h0g7_2100-08-01,region_restart_batch_639_anz50_h0g7_2100-08-01
atmos_restart_batch_639_anz50_h03q_2092-08-01,region_restart_batch_639_anz50_h03q_2092-08-01
atmos_restart_batch_639_anz50_h0c1_2097-08-01,region_restart_batch_639_anz50_h0c1_2097-08-01
atmos_restart_batch_639_anz50_h01x_2091-08-01,region_restart_batch_639_anz50_h01x_2091-08-01
atmos_restart_batch_639_anz50_h0c3_2097-08-01,region_restart_batch_639_anz50_h0c3_2097-08-01
atmos_restart_batch_639_anz50_h01b_2090-08-01,region_restart_batch_639_anz50_h01b_2090-08-01
atmos_restart_batch_639_anz50_h0ga_2100-08-01,region_restart_batch_639_anz50_h0ga_2100-08-01
atmos_restart_batch_639_anz50_h066_2094-08-01,region_restart_batch_639_anz50_h066_2094-08-01
atmos_restart_batch_639_anz50_h0aj_2096-08-01,region_restart_batch_639_anz50_h0aj_2096-08-01
atmos_restart_batch_639_anz50_h00t_2090-08-01,region_restart_batch_639_anz50_h00t_2090-08-01
atmos_restart_batch_639_anz50_h06w_2094-08-01,region_restart_batch_639_anz50_h06w_2094-08-01
atmos_restart_batch_639_anz50_h0dq_2098-08-01,region_restart_batch_639_anz50_h0dq_2098-08-01
atmos_restart_batch_639_anz50_h0f2_2099-08-01,region_restart_batch_639_anz50_h0f2_2099-08-01
atmos_restart_batch_639_anz50_h03t_2092-08-01,region_restart_batch_639_anz50_h03t_2092-08-01
atmos_restart_batch_639_anz50_h0fj_2100-08-01,region_restart_batch_639_anz50_h0fj_2100-08-01
atmos_restart_batch_639_anz50_h0bl_2097-08-01,region_restart_batch_639_anz50_h0bl_2097-08-01
atmos_restart_batch_639_anz50_h06x_2094-08-01,region_restart_batch_639_anz50_h06x_2094-08-01
atmos_restart_batch_639_anz50_h05k_2093-08-01,region_restart_batch_639_anz50_h05k_2093-08-01
atmos_restart_batch_639_anz50_h01f_2090-08-01,region_restart_batch_639_anz50_h01f_2090-08-01
atmos_restart_batch_639_anz50_h0e7_2099-08-01,region_restart_batch_639_anz50_h0e7_2099-08-01
atmos_restart_batch_639_anz50_h0el_2099-08-01,region_restart_batch_639_anz50_h0el_2099-08-01
atmos_restart_batch_639_anz50_h0g2_2100-08-01,region_restart_batch_639_anz50_h0g2_2100-08-01
atmos_restart_batch_639_anz50_h05x_2093-08-01,region_restart_batch_639_anz50_h05x_2093-08-01
atmos_restart_batch_639_anz50_h0dy_2099-08-01,region_restart_batch_639_anz50_h0dy_2099-08-01
atmos_restart_batch_639_anz50_h09v_2096-08-01,region_restart_batch_639_anz50_h09v_2096-08-01
atmos_restart_batch_639_anz50_h07i_2094-08-01,region_restart_batch_639_anz50_h07i_2094-08-01
atmos_restart_batch_639_anz50_h05l_2093-08-01,region_restart_batch_639_anz50_h05l_2093-08-01
atmos_restart_batch_639_anz50_h0g6_2100-08-01,region_restart_batch_639_anz50_h0g6_2100-08-01
atmos_restart_batch_639_anz50_h0f3_2099-08-01,region_restart_batch_639_anz50_h0f3_2099-08-01
atmos_restart_batch_639_anz50_h0dn_2098-08-01,region_restart_batch_639_anz50_h0dn_2098-08-01
atmos_restart_batch_639_anz50_h0cx_2098-08-01,region_restart_batch_639_anz50_h0cx_2098-08-01
atmos_restart_batch_639_anz50_h0et_2099-08-01,region_restart_batch_639_anz50_h0et_2099-08-01
atmos_restart_batch_639_anz50_h0bw_2097-08-01,region_restart_batch_639_anz50_h0bw_2097-08-01
atmos_restart_batch_639_anz50_h033_2092-08-01,region_restart_batch_639_anz50_h033_2092-08-01
atmos_restart_batch_639_anz50_h08c_2095-08-01,region_restart_batch_639_anz50_h08c_2095-08-01
atmos_restart_batch_639_anz50_h0ca_2098-08-01,region_restart_batch_639_anz50_h0ca_2098-08-01
atmos_restart_batch_639_anz50_h0bd_2097-08-01,region_restart_batch_639_anz50_h0bd_2097-08-01
atmos_restart_batch_639_anz50_h04t_2093-08-01,region_restart_batch_639_anz50_h04t_2093-08-01
atmos_restart_batch_639_anz50_h093_2095-08-01,region_restart_batch_639_anz50_h093_2095-08-01
atmos_restart_batch_639_anz50_h0fm_2100-08-01,region_restart_batch_639_anz50_h0fm_2100-08-01
atmos_restart_batch_639_anz50_h010_2090-08-01,region_restart_batch_639_anz50_h010_2090-08-01
atmos_restart_batch_639_anz50_h02j_2091-08-01,region_restart_batch_639_anz50_h02j_2091-08-01
atmos_restart_batch_639_anz50_h001_2090-08-01,region_restart_batch_639_anz50_h001_2090-08-01
atmos_restart_batch_639_anz50_h03g_2092-08-01,region_restart_batch_639_anz50_h03g_2092-08-01
atmos_restart_batch_639_anz50_h05z_2093-08-01,region_restart_batch_639_anz50_h05z_2093-08-01
atmos_restart_batch_639_anz50_h09j_2096-08-01,region_restart_batch_639_anz50_h09j_2096-08-01
atmos_restart_batch_639_anz50_h07d_2094-08-01,region_restart_batch_639_anz50_h07d_2094-08-01
atmos_restart_batch_639_anz50_h0cl_2098-08-01,region_restart_batch_639_anz50_h0cl_2098-08-01
atmos_restart_batch_639_anz50_h0dl_2098-08-01,region_restart_batch_639_anz50_h0dl_2098-08-01
atmos_restart_batch_639_anz50_h019_2090-08-01,region_restart_batch_639_anz50_h019_2090-08-01
atmos_restart_batch_639_anz50_h00d_2090-08-01,region_restart_batch_639_anz50_h00d_2090-08-01
atmos_restart_batch_639_anz50_h04v_2093-08-01,region_restart_batch_639_anz50_h04v_2093-08-01
atmos_restart_batch_639_anz50_h0as_2097-08-01,region_restart_batch_639_anz50_h0as_2097-08-01
atmos_restart_batch_639_anz50_h0cp_2098-08-01,region_restart_batch_639_anz50_h0cp_2098-08-01
atmos_restart_batch_639_anz50_h091_2095-08-01,region_restart_batch_639_anz50_h091_2095-08-01
atmos_restart_batch_639_anz50_h04z_2093-08-01,region_restart_batch_639_anz50_h04z_2093-08-01
atmos_restart_batch_639_anz50_h07y_2095-08-01,region_restart_batch_639_anz50_h07y_2095-08-01
atmos_restart_batch_639_anz50_h085_2095-08-01,region_restart_batch_639_anz50_h085_2095-08-01
atmos_restart_batch_639_anz50_h07n_2095-08-01,region_restart_batch_639_anz50_h07n_2095-08-01
atmos_restart_batch_639_anz50_h083_2095-08-01,region_restart_batch_639_anz50_h083_2095-08-01
atmos_restart_batch_639_anz50_h054_2093-08-01,region_restart_batch_639_anz50_h054_2093-08-01
atmos_restart_batch_639_anz50_h0ab_2096-08-01,region_restart_batch_639_anz50_h0ab_2096-08-01
atmos_restart_batch_639_anz50_h07s_2095-08-01,region_restart_batch_639_anz50_h07s_2095-08-01
atmos_restart_batch_639_anz50_h0co_2098-08-01,region_restart_batch_639_anz50_h0co_2098-08-01
atmos_restart_batch_639_anz50_h041_2092-08-01,region_restart_batch_639_anz50_h041_2092-08-01
atmos_restart_batch_639_anz50_h01l_2091-08-01,region_restart_batch_639_anz50_h01l_2091-08-01
atmos_restart_batch_639_anz50_h071_2094-08-01,region_restart_batch_639_anz50_h071_2094-08-01
atmos_restart_batch_639_anz50_h0fe_2100-08-01,region_restart_batch_639_anz50_h0fe_2100-08-01
atmos_restart_batch_639_anz50_h0e0_2099-08-01,region_restart_batch_639_anz50_h0e0_2099-08-01
atmos_restart_batch_639_anz50_h0dh_2098-08-01,region_restart_batch_639_anz50_h0dh_2098-08-01
atmos_restart_batch_639_anz50_h05o_2093-08-01,region_restart_batch_639_anz50_h05o_2093-08-01
atmos_restart_batch_639_anz50_h0cf_2098-08-01,region_restart_batch_639_anz50_h0cf_2098-08-01
atmos_restart_batch_639_anz50_h00r_2090-08-01,region_restart_batch_639_anz50_h00r_2090-08-01
atmos_restart_batch_639_anz50_h0bj_2097-08-01,region_restart_batch_639_anz50_h0bj_2097-08-01
atmos_restart_batch_639_anz50_h06g_2094-08-01,region_restart_batch_639_anz50_h06g_2094-08-01
atmos_restart_batch_639_anz50_h0ex_2099-08-01,region_restart_batch_639_anz50_h0ex_2099-08-01
atmos_restart_batch_639_anz50_h00g_2090-08-01,region_restart_batch_639_anz50_h00g_2090-08-01
atmos_restart_batch_639_anz50_h0cj_2098-08-01,region_restart_batch_639_anz50_h0cj_2098-08-01
atmos_restart_batch_639_anz50_h00e_2090-08-01,region_restart_batch_639_anz50_h00e_2090-08-01
atmos_restart_batch_639_anz50_h0dr_2099-08-01,region_restart_batch_639_anz50_h0dr_2099-08-01
atmos_restart_batch_639_anz50_h0gj_2100-08-01,region_restart_batch_639_anz50_h0gj_2100-08-01
atmos_restart_batch_639_anz50_h03c_2092-08-01,region_restart_batch_639_anz50_h03c_2092-08-01
atmos_restart_batch_639_anz50_h0ee_2099-08-01,region_restart_batch_639_anz50_h0ee_2099-08-01
atmos_restart_batch_639_anz50_h08d_2095-08-01,region_restart_batch_639_anz50_h08d_2095-08-01
atmos_restart_batch_639_anz50_h018_2090-08-01,region_restart_batch_639_anz50_h018_2090-08-01
atmos_restart_batch_639_anz50_h048_2092-08-01,region_restart_batch_639_anz50_h048_2092-08-01
atmos_restart_batch_639_anz50_h0ah_2096-08-01,region_restart_batch_639_anz50_h0ah_2096-08-01
atmos_restart_batch_639_anz50_h0dp_2098-08-01,region_restart_batch_639_anz50_h0dp_2098-08-01
atmos_restart_batch_639_anz50_h00f_2090-08-01,region_restart_batch_639_anz50_h00f_2090-08-01
atmos_restart_batch_639_anz50_h06r_2094-08-01,region_restart_batch_639_anz50_h06r_2094-08-01
atmos_restart_batch_639_anz50_h0cq_2098-08-01,region_restart_batch_639_anz50_h0cq_2098-08-01
atmos_restart_batch_639_anz50_h08w_2095-08-01,region_restart_batch_639_anz50_h08w_2095-08-01
atmos_restart_batch_639_anz50_h030_2091-08-01,region_restart_batch_639_anz50_h030_2091-08-01
atmos_restart_batch_639_anz50_h05n_2093-08-01,region_restart_batch_639_anz50_h05n_2093-08-01
atmos_restart_batch_639_anz50_h0es_2099-08-01,region_restart_batch_639_anz50_h0es_2099-08-01
atmos_restart_batch_639_anz50_h0cv_2098-08-01,region_restart_batch_639_anz50_h0cv_2098-08-01
atmos_restart_batch_639_anz50_h04g_2092-08-01,region_restart_batch_639_anz50_h04g_2092-08-01
atmos_restart_batch_639_anz50_h094_2095-08-01,region_restart_batch_639_anz50_h094_2095-08-01
atmos_restart_batch_639_anz50_h0dj_2098-08-01,region_restart_batch_639_anz50_h0dj_2098-08-01
atmos_restart_batch_639_anz50_h0c5_2097-08-01,region_restart_batch_639_anz50_h0c5_2097-08-01
atmos_restart_batch_639_anz50_h09f_2096-08-01,region_restart_batch_639_anz50_h09f_2096-08-01
atmos_restart_batch_639_anz50_h0bq_2097-08-01,region_restart_batch_639_anz50_h0bq_2097-08-01
atmos_restart_batch_639_anz50_h04x_2093-08-01,region_restart_batch_639_anz50_h04x_2093-08-01
atmos_restart_batch_639_anz50_h03e_2092-08-01,region_restart_batch_639_anz50_h03e_2092-08-01
atmos_restart_batch_639_anz50_h0b4_2097-08-01,region_restart_batch_639_anz50_h0b4_2097-08-01
atmos_restart_batch_639_anz50_h0gk_2100-08-01,region_restart_batch_639_anz50_h0gk_2100-08-01
atmos_restart_batch_639_anz50_h00s_2090-08-01,region_restart_batch_639_anz50_h00s_2090-08-01
atmos_restart_batch_639_anz50_h060_2093-08-01,region_restart_batch_639_anz50_h060_2093-08-01
atmos_restart_batch_639_anz50_h0an_2096-08-01,region_restart_batch_639_anz50_h0an_2096-08-01
atmos_restart_batch_639_anz50_h06a_2094-08-01,region_restart_batch_639_anz50_h06a_2094-08-01
atmos_restart_batch_639_anz50_h0gc_2100-08-01,region_restart_batch_639_anz50_h0gc_2100-08-01
atmos_restart_batch_639_anz50_h0ec_2099-08-01,region_restart_batch_639_anz50_h0ec_2099-08-01
atmos_restart_batch_639_anz50_h0dg_2098-08-01,region_restart_batch_639_anz50_h0dg_2098-08-01
atmos_restart_batch_639_anz50_h05h_2093-08-01,region_restart_batch_639_anz50_h05h_2093-08-01
atmos_restart_batch_639_anz50_h02a_2091-08-01,region_restart_batch_639_anz50_h02a_2091-08-01
atmos_restart_batch_639_anz50_h09m_2096-08-01,region_restart_batch_639_anz50_h09m_2096-08-01
atmos_restart_batch_639_anz50_h00w_2090-08-01,region_restart_batch_639_anz50_h00w_2090-08-01
atmos_restart_batch_639_anz50_h069_2094-08-01,region_restart_batch_639_anz50_h069_2094-08-01
atmos_restart_batch_639_anz50_h03x_2092-08-01,region_restart_batch_639_anz50_h03x_2092-08-01
atmos_restart_batch_639_anz50_h0e6_2099-08-01,region_restart_batch_639_anz50_h0e6_2099-08-01
atmos_restart_batch_639_anz50_h06j_2094-08-01,region_restart_batch_639_anz50_h06j_2094-08-01
atmos_restart_batch_639_anz50_h02b_2091-08-01,region_restart_batch_639_anz50_h02b_2091-08-01
atmos_restart_batch_639_anz50_h03s_2092-08-01,region_restart_batch_639_anz50_h03s_2092-08-01
atmos_restart_batch_639_anz50_h02m_2091-08-01,region_restart_batch_639_anz50_h02m_2091-08-01
atmos_restart_batch_639_anz50_h0c2_2097-08-01,region_restart_batch_639_anz50_h0c2_2097-08-01
atmos_restart_batch_639_anz50_h0dd_2098-08-01,region_restart_batch_639_anz50_h0dd_2098-08-01
atmos_restart_batch_639_anz50_h0aw_2097-08-01,region_restart_batch_639_anz50_h0aw_2097-08-01
atmos_restart_batch_639_anz50_h02t_2091-08-01,region_restart_batch_639_anz50_h02t_2091-08-01
atmos_restart_batch_639_anz50_h035_2092-08-01,region_restart_batch_639_anz50_h035_2092-08-01
atmos_restart_batch_639_anz50_h0em_2099-08-01,region_restart_batch_639_anz50_h0em_2099-08-01
atmos_restart_batch_639_anz50_h00o_2090-08-01,region_restart_batch_639_anz50_h00o_2090-08-01
atmos_restart_batch_639_anz50_h05u_2093-08-01,region_restart_batch_639_anz50_h05u_2093-08-01
atmos_restart_batch_639_anz50_h0f1_2099-08-01,region_restart_batch_639_anz50_h0f1_2099-08-01
atmos_restart_batch_639_anz50_h05d_2093-08-01,region_restart_batch_639_anz50_h05d_2093-08-01
atmos_restart_batch_639_anz50_h0ef_2099-08-01,region_restart_batch_639_anz50_h0ef_2099-08-01
atmos_restart_batch_639_anz50_h0ag_2096-08-01,region_restart_batch_639_anz50_h0ag_2096-08-01
atmos_restart_batch_639_anz50_h01r_2091-08-01,region_restart_batch_639_anz50_h01r_2091-08-01
atmos_restart_batch_639_anz50_h0c9_2098-08-01,region_restart_batch_639_anz50_h0c9_2098-08-01
atmos_restart_batch_639_anz50_h086_2095-08-01,region_restart_batch_639_anz50_h086_2095-08-01
atmos_restart_batch_639_anz50_h04b_2092-08-01,region_restart_batch_639_anz50_h04b_2092-08-01
atmos_restart_batch_639_anz50_h0g3_2100-08-01,region_restart_batch_639_anz50_h0g3_2100-08-01
atmos_restart_batch_639_anz50_h03w_2092-08-01,region_restart_batch_639_anz50_h03w_2092-08-01
atmos_restart_batch_639_anz50_h01v_2091-08-01,region_restart_batch_639_anz50_h01v_2091-08-01
atmos_restart_batch_639_anz50_h0fu_2100-08-01,region_restart_batch_639_anz50_h0fu_2100-08-01
atmos_restart_batch_639_anz50_h0dt_2099-08-01,region_restart_batch_639_anz50_h0dt_2099-08-01
atmos_restart_batch_639_anz50_h02f_2091-08-01,region_restart_batch_639_anz50_h02f_2091-08-01
atmos_restart_batch_639_anz50_h09h_2096-08-01,region_restart_batch_639_anz50_h09h_2096-08-01
atmos_restart_batch_639_anz50_h000_2090-08-01,region_restart_batch_639_anz50_h000_2090-08-01
region_restart_batch_639_anz50_h07z_2095-08-01
atmos_restart_batch_639_anz50_h0fq_2100-08-01,region_restart_batch_639_anz50_h0fq_2100-08-01
atmos_restart_batch_639_anz50_h07v_2095-08-01,region_restart_batch_639_anz50_h07v_2095-08-01
atmos_restart_batch_639_anz50_h06l_2094-08-01,region_restart_batch_639_anz50_h06l_2094-08-01
atmos_restart_batch_639_anz50_h01c_2090-08-01,region_restart_batch_639_anz50_h01c_2090-08-01
atmos_restart_batch_639_anz50_h0a4_2096-08-01,region_restart_batch_639_anz50_h0a4_2096-08-01
atmos_restart_batch_639_anz50_h0b1_2097-08-01,region_restart_batch_639_anz50_h0b1_2097-08-01
atmos_restart_batch_639_anz50_h007_2090-08-01,region_restart_batch_639_anz50_h007_2090-08-01
atmos_restart_batch_639_anz50_h043_2092-08-01,region_restart_batch_639_anz50_h043_2092-08-01
atmos_restart_batch_639_anz50_h05y_2093-08-01,region_restart_batch_639_anz50_h05y_2093-08-01
atmos_restart_batch_639_anz50_h0a7_2096-08-01,region_restart_batch_639_anz50_h0a7_2096-08-01
atmos_restart_batch_639_anz50_h062_2093-08-01,region_restart_batch_639_anz50_h062_2093-08-01
atmos_restart_batch_639_anz50_h0eu_2099-08-01,region_restart_batch_639_anz50_h0eu_2099-08-01
atmos_restart_batch_639_anz50_h036_2092-08-01,region_restart_batch_639_anz50_h036_2092-08-01
atmos_restart_batch_639_anz50_h0e4_2099-08-01,region_restart_batch_639_anz50_h0e4_2099-08-01
atmos_restart_batch_639_anz50_h0ax_2097-08-01,region_restart_batch_639_anz50_h0ax_2097-08-01
atmos_restart_batch_639_anz50_h0eh_2099-08-01,region_restart_batch_639_anz50_h0eh_2099-08-01
atmos_restart_batch_639_anz50_h03z_2092-08-01,region_restart_batch_639_anz50_h03z_2092-08-01
atmos_restart_batch_639_anz50_h0db_2098-08-01,region_restart_batch_639_anz50_h0db_2098-08-01
atmos_restart_batch_639_anz50_h0d9_2098-08-01,region_restart_batch_639_anz50_h0d9_2098-08-01
atmos_restart_batch_639_anz50_h032_2092-08-01,region_restart_batch_639_anz50_h032_2092-08-01
atmos_restart_batch_639_anz50_h04j_2092-08-01,region_restart_batch_639_anz50_h04j_2092-08-01
atmos_restart_batch_639_anz50_h01q_2091-08-01,region_restart_batch_639_anz50_h01q_2091-08-01
atmos_restart_batch_639_anz50_h0f0_2099-08-01,region_restart_batch_639_anz50_h0f0_2099-08-01
atmos_restart_batch_639_anz50_h0ch_2098-08-01,region_restart_batch_639_anz50_h0ch_2098-08-01
atmos_restart_batch_639_anz50_h03i_2092-08-01,region_restart_batch_639_anz50_h03i_2092-08-01
atmos_restart_batch_639_anz50_h03d_2092-08-01,region_restart_batch_639_anz50_h03d_2092-08-01
atmos_restart_batch_639_anz50_h08l_2095-08-01,region_restart_batch_639_anz50_h08l_2095-08-01
atmos_restart_batch_639_anz50_h014_2090-08-01,region_restart_batch_639_anz50_h014_2090-08-01
atmos_restart_batch_639_anz50_h07m_2094-08-01,region_restart_batch_639_anz50_h07m_2094-08-01
atmos_restart_batch_639_anz50_h003_2090-08-01,region_restart_batch_639_anz50_h003_2090-08-01
atmos_restart_batch_639_anz50_h00p_2090-08-01,region_restart_batch_639_anz50_h00p_2090-08-01
atmos_restart_batch_639_anz50_h0br_2097-08-01,region_restart_batch_639_anz50_h0br_2097-08-01
atmos_restart_batch_639_anz50_h0c6_2097-08-01,region_restart_batch_639_anz50_h0c6_2097-08-01
atmos_restart_batch_639_anz50_h02y_2091-08-01,region_restart_batch_639_anz50_h02y_2091-08-01
atmos_restart_batch_639_anz50_h0cc_2098-08-01,region_restart_batch_639_anz50_h0cc_2098-08-01
atmos_restart_batch_639_anz50_h0a3_2096-08-01,region_restart_batch_639_anz50_h0a3_2096-08-01
atmos_restart_batch_639_anz50_h0e9_2099-08-01,region_restart_batch_639_anz50_h0e9_2099-08-01
atmos_restart_batch_639_anz50_h07g_2094-08-01,region_restart_batch_639_anz50_h07g_2094-08-01
atmos_restart_batch_639_anz50_h01t_2091-08-01,region_restart_batch_639_anz50_h01t_2091-08-01
atmos_restart_batch_639_anz50_h07f_2094-08-01,region_restart_batch_639_anz50_h07f_2094-08-01
atmos_restart_batch_639_anz50_h08r_2095-08-01,region_restart_batch_639_anz50_h08r_2095-08-01
atmos_restart_batch_639_anz50_h0gi_2100-08-01,region_restart_batch_639_anz50_h0gi_2100-08-01
atmos_restart_batch_639_anz50_h01k_2091-08-01,region_restart_batch_639_anz50_h01k_2091-08-01
atmos_restart_batch_639_anz50_h01j_2091-08-01,region_restart_batch_639_anz50_h01j_2091-08-01
atmos_restart_batch_639_anz50_h00j_2090-08-01,region_restart_batch_639_anz50_h00j_2090-08-01
atmos_restart_batch_639_anz50_h082_2095-08-01,region_restart_batch_639_anz50_h082_2095-08-01
atmos_restart_batch_639_anz50_h0fn_2100-08-01,region_restart_batch_639_anz50_h0fn_2100-08-01
atmos_restart_batch_639_anz50_h0fz_2100-08-01,region_restart_batch_639_anz50_h0fz_2100-08-01
atmos_restart_batch_639_anz50_h057_2093-08-01,region_restart_batch_639_anz50_h057_2093-08-01
atmos_restart_batch_639_anz50_h0d3_2098-08-01,region_restart_batch_639_anz50_h0d3_2098-08-01
atmos_restart_batch_639_anz50_h0f8_2099-08-01,region_restart_batch_639_anz50_h0f8_2099-08-01
atmos_restart_batch_639_anz50_h0bx_2097-08-01,region_restart_batch_639_anz50_h0bx_2097-08-01
atmos_restart_batch_639_anz50_h0g0_2100-08-01,region_restart_batch_639_anz50_h0g0_2100-08-01
atmos_restart_batch_639_anz50_h06h_2094-08-01,region_restart_batch_639_anz50_h06h_2094-08-01
atmos_restart_batch_639_anz50_h011_2090-08-01,region_restart_batch_639_anz50_h011_2090-08-01
atmos_restart_batch_639_anz50_h07k_2094-08-01,region_restart_batch_639_anz50_h07k_2094-08-01
atmos_restart_batch_639_anz50_h0ao_2096-08-01,region_restart_batch_639_anz50_h0ao_2096-08-01
atmos_restart_batch_639_anz50_h0d0_2098-08-01,region_restart_batch_639_anz50_h0d0_2098-08-01
atmos_restart_batch_639_anz50_h0ap_2097-08-01,region_restart_batch_639_anz50_h0ap_2097-08-01
atmos_restart_batch_639_anz50_h0fp_2100-08-01,region_restart_batch_639_anz50_h0fp_2100-08-01
atmos_restart_batch_639_anz50_h009_2090-08-01,region_restart_batch_639_anz50_h009_2090-08-01
atmos_restart_batch_639_anz50_h0fh_2100-08-01,region_restart_batch_639_anz50_h0fh_2100-08-01
atmos_restart_batch_639_anz50_h06i_2094-08-01,region_restart_batch_639_anz50_h06i_2094-08-01
atmos_restart_batch_639_anz50_h02e_2091-08-01,region_restart_batch_639_anz50_h02e_2091-08-01
atmos_restart_batch_639_anz50_h0a9_2096-08-01,region_restart_batch_639_anz50_h0a9_2096-08-01
atmos_restart_batch_639_anz50_h0dm_2098-08-01,region_restart_batch_639_anz50_h0dm_2098-08-01
atmos_restart_batch_639_anz50_h00i_2090-08-01,region_restart_batch_639_anz50_h00i_2090-08-01
atmos_restart_batch_639_anz50_h0g5_2100-08-01,region_restart_batch_639_anz50_h0g5_2100-08-01
atmos_restart_batch_639_anz50_h0fx_2100-08-01,region_restart_batch_639_anz50_h0fx_2100-08-01
atmos_restart_batch_639_anz50_h02c_2091-08-01,region_restart_batch_639_anz50_h02c_2091-08-01
atmos_restart_batch_639_anz50_h08n_2095-08-01,region_restart_batch_639_anz50_h08n_2095-08-01
atmos_restart_batch_639_anz50_h07p_2095-08-01,region_restart_batch_639_anz50_h07p_2095-08-01
atmos_restart_batch_639_anz50_h0gd_2100-08-01,region_restart_batch_639_anz50_h0gd_2100-08-01
atmos_restart_batch_639_anz50_h06t_2094-08-01,region_restart_batch_639_anz50_h06t_2094-08-01
atmos_restart_batch_639_anz50_h04s_2093-08-01,region_restart_batch_639_anz50_h04s_2093-08-01
atmos_restart_batch_639_anz50_h0a8_2096-08-01,region_restart_batch_639_anz50_h0a8_2096-08-01
atmos_restart_batch_639_anz50_h04w_2093-08-01,region_restart_batch_639_anz50_h04w_2093-08-01
atmos_restart_batch_639_anz50_h0de_2098-08-01,region_restart_batch_639_anz50_h0de_2098-08-01
atmos_restart_batch_639_anz50_h0by_2097-08-01,region_restart_batch_639_anz50_h0by_2097-08-01
atmos_restart_batch_639_anz50_h0bc_2097-08-01,region_restart_batch_639_anz50_h0bc_2097-08-01
atmos_restart_batch_639_anz50_h0f6_2099-08-01,region_restart_batch_639_anz50_h0f6_2099-08-01
atmos_restart_batch_639_anz50_h00b_2090-08-01,region_restart_batch_639_anz50_h00b_2090-08-01
atmos_restart_batch_639_anz50_h09x_2096-08-01,region_restart_batch_639_anz50_h09x_2096-08-01
atmos_restart_batch_639_anz50_h09a_2096-08-01,region_restart_batch_639_anz50_h09a_2096-08-01
atmos_restart_batch_639_anz50_h0gs_2100-08-01,region_restart_batch_639_anz50_h0gs_2100-08-01
atmos_restart_batch_639_anz50_h02z_2091-08-01,region_restart_batch_639_anz50_h02z_2091-08-01
atmos_restart_batch_639_anz50_h09g_2096-08-01,region_restart_batch_639_anz50_h09g_2096-08-01
atmos_restart_batch_639_anz50_h072_2094-08-01,region_restart_batch_639_anz50_h072_2094-08-01
atmos_restart_batch_639_anz50_h01h_2090-08-01,region_restart_batch_639_anz50_h01h_2090-08-01
atmos_restart_batch_639_anz50_h0fd_2100-08-01,region_restart_batch_639_anz50_h0fd_2100-08-01
atmos_restart_batch_639_anz50_h02h_2091-08-01,region_restart_batch_639_anz50_h02h_2091-08-01
atmos_restart_batch_639_anz50_h00l_2090-08-01,region_restart_batch_639_anz50_h00l_2090-08-01
atmos_restart_batch_639_anz50_h03m_2092-08-01,region_restart_batch_639_anz50_h03m_2092-08-01
atmos_restart_batch_639_anz50_h0d1_2098-08-01,region_restart_batch_639_anz50_h0d1_2098-08-01
atmos_restart_batch_639_anz50_h080_2095-08-01,region_restart_batch_639_anz50_h080_2095-08-01
atmos_restart_batch_639_anz50_h005_2090-08-01,region_restart_batch_639_anz50_h005_2090-08-01
atmos_restart_batch_639_anz50_h0cb_2098-08-01,region_restart_batch_639_anz50_h0cb_2098-08-01
atmos_restart_batch_639_anz50_h05e_2093-08-01,region_restart_batch_639_anz50_h05e_2093-08-01
atmos_restart_batch_639_anz50_h0b2_2097-08-01,region_restart_batch_639_anz50_h0b2_2097-08-01
atmos_restart_batch_639_anz50_h09i_2096-08-01,region_restart_batch_639_anz50_h09i_2096-08-01
atmos_restart_batch_639_anz50_h0bm_2097-08-01,region_restart_batch_639_anz50_h0bm_2097-08-01
atmos_restart_batch_639_anz50_h09l_2096-08-01,region_restart_batch_639_anz50_h09l_2096-08-01
atmos_restart_batch_639_anz50_h0eb_2099-08-01,region_restart_batch_639_anz50_h0eb_2099-08-01
atmos_restart_batch_639_anz50_h0d4_2098-08-01,region_restart_batch_639_anz50_h0d4_2098-08-01
atmos_restart_batch_639_anz50_h0b9_2097-08-01,region_restart_batch_639_anz50_h0b9_2097-08-01
atmos_restart_batch_639_anz50_h02i_2091-08-01,region_restart_batch_639_anz50_h02i_2091-08-01
atmos_restart_batch_639_anz50_h05t_2093-08-01,region_restart_batch_639_anz50_h05t_2093-08-01
atmos_restart_batch_639_anz50_h00c_2090-08-01,region_restart_batch_639_anz50_h00c_2090-08-01
atmos_restart_batch_639_anz50_h0ge_2100-08-01,region_restart_batch_639_anz50_h0ge_2100-08-01
atmos_restart_batch_639_anz50_h0ff_2100-08-01,region_restart_batch_639_anz50_h0ff_2100-08-01
atmos_restart_batch_639_anz50_h07o_2095-08-01,region_restart_batch_639_anz50_h07o_2095-08-01
atmos_restart_batch_639_anz50_h02o_2091-08-01,region_restart_batch_639_anz50_h02o_2091-08-01
atmos_restart_batch_639_anz50_h01w_2091-08-01,region_restart_batch_639_anz50_h01w_2091-08-01
atmos_restart_batch_639_anz50_h07l_2094-08-01,region_restart_batch_639_anz50_h07l_2094-08-01
atmos_restart_batch_639_anz50_h03j_2092-08-01,region_restart_batch_639_anz50_h03j_2092-08-01
atmos_restart_batch_639_anz50_h06e_2094-08-01,region_restart_batch_639_anz50_h06e_2094-08-01
atmos_restart_batch_639_anz50_h0gl_2100-08-01,region_restart_batch_639_anz50_h0gl_2100-08-01
atmos_restart_batch_639_anz50_h0bg_2097-08-01,region_restart_batch_639_anz50_h0bg_2097-08-01
atmos_restart_batch_639_anz50_h09r_2096-08-01,region_restart_batch_639_anz50_h09r_2096-08-01
atmos_restart_batch_639_anz50_h08g_2095-08-01,region_restart_batch_639_anz50_h08g_2095-08-01
atmos_restart_batch_639_anz50_h027_2091-08-01,region_restart_batch_639_anz50_h027_2091-08-01
atmos_restart_batch_639_anz50_h05j_2093-08-01,region_restart_batch_639_anz50_h05j_2093-08-01
atmos_restart_batch_639_anz50_h020_2091-08-01,region_restart_batch_639_anz50_h020_2091-08-01
atmos_restart_batch_639_anz50_h02g_2091-08-01,region_restart_batch_639_anz50_h02g_2091-08-01
atmos_restart_batch_639_anz50_h0bf_2097-08-01,region_restart_batch_639_anz50_h0bf_2097-08-01
atmos_restart_batch_639_anz50_h0fk_2100-08-01,region_restart_batch_639_anz50_h0fk_2100-08-01
atmos_restart_batch_639_anz50_h090_2095-08-01,region_restart_batch_639_anz50_h090_2095-08-01
atmos_restart_batch_639_anz50_h07x_2095-08-01,region_restart_batch_639_anz50_h07x_2095-08-01
atmos_restart_batch_639_anz50_h0fo_2100-08-01,region_restart_batch_639_anz50_h0fo_2100-08-01
atmos_restart_batch_639_anz50_h0f5_2099-08-01,region_restart_batch_639_anz50_h0f5_2099-08-01
atmos_restart_batch_639_anz50_h076_2094-08-01,region_restart_batch_639_anz50_h076_2094-08-01
atmos_restart_batch_639_anz50_h0dz_2099-08-01,region_restart_batch_639_anz50_h0dz_2099-08-01
atmos_restart_batch_639_anz50_h05w_2093-08-01,region_restart_batch_639_anz50_h05w_2093-08-01
atmos_restart_batch_639_anz50_h073_2094-08-01,region_restart_batch_639_anz50_h073_2094-08-01
atmos_restart_batch_639_anz50_h053_2093-08-01,region_restart_batch_639_anz50_h053_2093-08-01
atmos_restart_batch_639_anz50_h01n_2091-08-01,region_restart_batch_639_anz50_h01n_2091-08-01
atmos_restart_batch_639_anz50_h05v_2093-08-01,region_restart_batch_639_anz50_h05v_2093-08-01
atmos_restart_batch_639_anz50_h037_2092-08-01,region_restart_batch_639_anz50_h037_2092-08-01
atmos_restart_batch_639_anz50_h096_2096-08-01,region_restart_batch_639_anz50_h096_2096-08-01
atmos_restart_batch_639_anz50_h08i_2095-08-01,region_restart_batch_639_anz50_h08i_2095-08-01
atmos_restart_batch_639_anz50_h047_2092-08-01,region_restart_batch_639_anz50_h047_2092-08-01
atmos_restart_batch_639_anz50_h0cg_2098-08-01,region_restart_batch_639_anz50_h0cg_2098-08-01
atmos_restart_batch_639_anz50_h0ey_2099-08-01,region_restart_batch_639_anz50_h0ey_2099-08-01
atmos_restart_batch_639_anz50_h017_2090-08-01,region_restart_batch_639_anz50_h017_2090-08-01
atmos_restart_batch_639_anz50_h0ar_2097-08-01,region_restart_batch_639_anz50_h0ar_2097-08-01
atmos_restart_batch_639_anz50_h01z_2091-08-01,region_restart_batch_639_anz50_h01z_2091-08-01
atmos_restart_batch_639_anz50_h06k_2094-08-01,region_restart_batch_639_anz50_h06k_2094-08-01
atmos_restart_batch_639_anz50_h02p_2091-08-01,region_restart_batch_639_anz50_h02p_2091-08-01
atmos_restart_batch_639_anz50_h099_2096-08-01,region_restart_batch_639_anz50_h099_2096-08-01
atmos_restart_batch_639_anz50_h00h_2090-08-01,region_restart_batch_639_anz50_h00h_2090-08-01
atmos_restart_batch_639_anz50_h09y_2096-08-01,region_restart_batch_639_anz50_h09y_2096-08-01
atmos_restart_batch_639_anz50_h089_2095-08-01,region_restart_batch_639_anz50_h089_2095-08-01
atmos_restart_batch_639_anz50_h065_2094-08-01,region_restart_batch_639_anz50_h065_2094-08-01
atmos_restart_batch_639_anz50_h0aa_2096-08-01,region_restart_batch_639_anz50_h0aa_2096-08-01
atmos_restart_batch_639_anz50_h081_2095-08-01,region_restart_batch_639_anz50_h081_2095-08-01
atmos_restart_batch_639_anz50_h0fl_2100-08-01,region_restart_batch_639_anz50_h0fl_2100-08-01
atmos_restart_batch_639_anz50_h0ez_2099-08-01,region_restart_batch_639_anz50_h0ez_2099-08-01
atmos_restart_batch_639_anz50_h0au_2097-08-01,region_restart_batch_639_anz50_h0au_2097-08-01
atmos_restart_batch_639_anz50_h00u_2090-08-01,region_restart_batch_639_anz50_h00u_2090-08-01
atmos_restart_batch_639_anz50_h04y_2093-08-01,region_restart_batch_639_anz50_h04y_2093-08-01
atmos_restart_batch_639_anz50_h0dk_2098-08-01,region_restart_batch_639_anz50_h0dk_2098-08-01
atmos_restart_batch_639_anz50_h0cs_2098-08-01,region_restart_batch_639_anz50_h0cs_2098-08-01
atmos_restart_batch_639_anz50_h051_2093-08-01,region_restart_batch_639_anz50_h051_2093-08-01
atmos_restart_batch_639_anz50_h00m_2090-08-01,region_restart_batch_639_anz50_h00m_2090-08-01
atmos_restart_batch_639_anz50_h0f9_2099-08-01,region_restart_batch_639_anz50_h0f9_2099-08-01
atmos_restart_batch_639_anz50_h0a2_2096-08-01,region_restart_batch_639_anz50_h0a2_2096-08-01
atmos_restart_batch_639_anz50_h04e_2092-08-01,region_restart_batch_639_anz50_h04e_2092-08-01
atmos_restart_batch_639_anz50_h016_2090-08-01,region_restart_batch_639_anz50_h016_2090-08-01
atmos_restart_batch_639_anz50_h03f_2092-08-01,region_restart_batch_639_anz50_h03f_2092-08-01
atmos_restart_batch_639_anz50_h0b0_2097-08-01,region_restart_batch_639_anz50_h0b0_2097-08-01
atmos_restart_batch_639_anz50_h0af_2096-08-01,region_restart_batch_639_anz50_h0af_2096-08-01
atmos_restart_batch_639_anz50_h06y_2094-08-01,region_restart_batch_639_anz50_h06y_2094-08-01
atmos_restart_batch_639_anz50_h04h_2092-08-01,region_restart_batch_639_anz50_h04h_2092-08-01
atmos_restart_batch_639_anz50_h087_2095-08-01,region_restart_batch_639_anz50_h087_2095-08-01
atmos_restart_batch_639_anz50_h03o_2092-08-01,region_restart_batch_639_anz50_h03o_2092-08-01
atmos_restart_batch_639_anz50_h05r_2093-08-01,region_restart_batch_639_anz50_h05r_2093-08-01
atmos_restart_batch_639_anz50_h03a_2092-08-01,region_restart_batch_639_anz50_h03a_2092-08-01
atmos_restart_batch_639_anz50_h070_2094-08-01,region_restart_batch_639_anz50_h070_2094-08-01
atmos_restart_batch_639_anz50_h06p_2094-08-01,region_restart_batch_639_anz50_h06p_2094-08-01
atmos_restart_batch_639_anz50_h08v_2095-08-01,region_restart_batch_639_anz50_h08v_2095-08-01
atmos_restart_batch_639_anz50_h09w_2096-08-01,region_restart_batch_639_anz50_h09w_2096-08-01
atmos_restart_batch_639_anz50_h0am_2096-08-01,region_restart_batch_639_anz50_h0am_2096-08-01
atmos_restart_batch_639_anz50_h068_2094-08-01,region_restart_batch_639_anz50_h068_2094-08-01
atmos_restart_batch_639_anz50_h07c_2094-08-01,region_restart_batch_639_anz50_h07c_2094-08-01
